"","Markets","M.PRESENTACION","Tipo","Periodo","ventasValor","ventasEQ2","ventasUnds","precioEQ2","precioUnds","ratioVentas","distNum"
"1","Autoservicios Total Mexico_MT","INDIVIDUAL","COLA",2021-12-01,888217186.92,9879378.025,53734776.41,89.906,16.53,397.53,99.95
"2","Autoservicios Total Mexico_MT","INDIVIDUAL","COLA",2022-01-01,860397910.88,9601494.691,49727003.21,89.611,17.302,384.523,99.92
"3","Autoservicios Total Mexico_MT","INDIVIDUAL","COLA",2022-02-01,683604509.91,7226059.603,43580625.89,94.603,15.686,361.653,99.88
"4","Autoservicios Total Mexico_MT","INDIVIDUAL","COLA",2022-03-01,836663003.68,8768618.81,55484831.33,95.416,15.079,349.572,99.85
"5","Autoservicios Total Mexico_MT","INDIVIDUAL","COLA",2022-04-01,903815405.39,9495680.979,59107719.18,95.182,15.291,378.019,99.85
"6","Autoservicios Total Mexico_MT","INDIVIDUAL","COLA",2022-05-01,998563062.31,10320396.61,65607442.69,96.756,15.22,342.295,99.84
"7","Autoservicios Total Mexico_MT","INDIVIDUAL","COLA",2022-06-01,976069659.74,10071668.99,63908940.48,96.912,15.273,400.657,99.9
"8","Autoservicios Total Mexico_MT","INDIVIDUAL","COLA",2022-07-01,1023541666.28,10447243.06,65903785.51,97.972,15.531,414.685,99.35
"9","Autoservicios Total Mexico_MT","INDIVIDUAL","COLA",2022-08-01,1024798206.99,10374601.95,64955287.39,98.78,15.777,341.636,99.99
"10","Autoservicios Total Mexico_MT","INDIVIDUAL","COLA",2022-09-01,975773924.83,9801365.144,63138080.96,99.555,15.455,387.049,99.96
"11","Autoservicios Total Mexico_MT","INDIVIDUAL","COLA",2022-10-01,950564789.85,9429767.684,63163444.34,100.805,15.049,372.202,99.89
"12","Autoservicios Total Mexico_MT","INDIVIDUAL","COLA",2022-11-01,944400024.39,9374323.343,63041995.95,100.743,14.98,370.21,99.88
"13","Autoservicios Total Mexico_MT","INDIVIDUAL","COLA",2022-12-01,1098528310.78,11341266.6,69063354.95,96.861,15.906,446.954,99.96
"14","Autoservicios Total Mexico_MT","INDIVIDUAL","COLA",2023-01-01,1074824351.58,10971629.22,65112553.85,97.964,16.507,356.724,99.97
"15","Autoservicios Total Mexico_MT","INDIVIDUAL","COLA",2023-02-01,869754006.34,8324844.864,56977721.59,104.477,15.265,324.216,99.98
"16","Autoservicios Total Mexico_MT","INDIVIDUAL","COLA",2023-03-01,1036247992.41,9738602.177,68546366.6,106.406,15.117,378.144,99.99
"17","Autoservicios Total Mexico_MT","INDIVIDUAL","COLA",2023-04-01,1077698888.78,10248785.36,68699986.75,105.154,15.687,397.274,99.99
"18","Autoservicios Total Mexico_MT","INDIVIDUAL","COLA",2023-05-01,1148861632.11,10799699.76,72728152.97,106.379,15.797,347.932,99.99
"19","Autoservicios Total Mexico_MT","INDIVIDUAL","COLA",2023-06-01,1156914218.15,10787395.25,71663716.14,107.247,16.144,416.312,99.96
"20","Autoservicios Total Mexico_MT","INDIVIDUAL","COLA",2023-07-01,1239974686.38,11712947.84,76102228.33,105.864,16.294,453.221,99.93
"21","Autoservicios Total Mexico_MT","INDIVIDUAL","COLA",2023-08-01,1203642726.26,11324979.54,72287204.14,106.282,16.651,435.547,99.94
"22","Autoservicios Total Mexico_MT","INDIVIDUAL","COLA",2023-09-01,1161918511.35,10885674.13,69328181.72,106.738,16.76,418.335,99.93
"23","Autoservicios Total Mexico_MT","INDIVIDUAL","COLA",2023-10-01,1124871976.62,10365049.82,68503987.49,108.525,16.421,330.921,99.93
"24","Autoservicios Total Mexico_MT","INDIVIDUAL","COLA",2023-11-01,1068567387.09,9774100.615,64466364.88,109.326,16.576,375.097,99.92
"25","Autoservicios Total Mexico_MT","INDIVIDUAL","COLA",2023-12-01,1218420512.92,11615851.59,68909625.74,104.893,17.681,442.222,99.93
"26","Autoservicios Total Mexico_MT","INDIVIDUAL","COLA",2024-01-01,1169812709.64,11129169.08,64125596.54,105.112,18.243,349.805,99.94
"27","Autoservicios Total Mexico_MT","INDIVIDUAL","COLA",2024-02-01,1030522982.7,9258434.97,61171015.85,111.306,16.847,349.018,99.93
"28","Autoservicios Total Mexico_MT","INDIVIDUAL","COLA",2024-03-01,1170030221.91,10365538.49,71346828.34,112.877,16.399,387.641,99.92
"29","Autoservicios Total Mexico_MT","INDIVIDUAL","COLA",2024-04-01,1221107857.88,10941261.36,71936819.63,111.606,16.975,340.474,99.95
"30","Autoservicios Total Mexico_MT","INDIVIDUAL","COLA",2024-05-01,1363740643.52,11984174.89,81818309.47,113.795,16.668,446.82,99.97
"31","Autoservicios Total Mexico_MT","INDIVIDUAL","COLA",2024-06-01,1382567344,12176552.22,81104015.91,113.543,17.047,453.243,99.95
"32","Autoservicios Total Mexico_MT","INDIVIDUAL","COLA",2024-07-01,1332122671.61,11816916.7,75815267.77,112.73,17.571,367.355,99.95
"33","Autoservicios Total Mexico_MT","INDIVIDUAL","COLA",2024-08-01,1288179503.01,11404577.73,72472763.63,112.953,17.775,426.101,99.93
"34","Autoservicios Total Mexico_MT","INDIVIDUAL","COLA",2024-09-01,1274255880.91,11284342.66,72579874.06,112.922,17.557,420.665,99.94
"35","Autoservicios Total Mexico_MT","INDIVIDUAL","COLA",2024-10-01,1246369954.52,10853212.8,70796715.36,114.839,17.605,403.126,99.93
"36","Autoservicios Total Mexico_MT","INDIVIDUAL","COLA",2024-11-01,1235102729.75,10912449.33,71800906.71,113.183,17.202,402.773,99.93
"37","Autoservicios Total Mexico_MT","INDIVIDUAL","COLA",2024-12-01,1336965361.28,12163443.35,76383154.72,109.917,17.503,370.184,99.94
"38","Autoservicios Total Mexico_MT","INDIVIDUAL","Sabores",2021-12-01,673615268.399,9461773.821,41050724.888,157.388513761468,14.7206146788991,4.75126605504587,26.4000458715596
"39","Autoservicios Total Mexico_MT","INDIVIDUAL","Sabores",2022-01-01,676228275.067,9351288.922,39777780.553,168.326467889908,15.3084220183486,4.71764220183486,26.5145596330275
"40","Autoservicios Total Mexico_MT","INDIVIDUAL","Sabores",2022-02-01,463176978.4,6026608.747,30851189.231,161.173825688073,14.611128440367,3.9281376146789,26.5878623853211
"41","Autoservicios Total Mexico_MT","INDIVIDUAL","Sabores",2022-03-01,590864060.894,7574809.38,41078911.364,164.229174311927,14.9016055045872,3.87433944954128,26.6432660550459
"42","Autoservicios Total Mexico_MT","INDIVIDUAL","Sabores",2022-04-01,675909856.467,8614803.639,45660311.592,171.071256880734,15.5112201834862,4.40148623853211,26.6963669724771
"43","Autoservicios Total Mexico_MT","INDIVIDUAL","Sabores",2022-05-01,733032636.499,9102030.216,47840331.006,181.990816513761,15.8474128440367,3.90907339449541,26.6230458715596
"44","Autoservicios Total Mexico_MT","INDIVIDUAL","Sabores",2022-06-01,704202520.485,8773848.842,46115727.558,165.089330275229,15.3098256880734,4.55661467889908,26.6087339449541
"45","Autoservicios Total Mexico_MT","INDIVIDUAL","Sabores",2022-07-01,756966243.634,9407456.861,49337495.971,151.125394495413,14.6744862385321,4.8913119266055,26.4031559633028
"46","Autoservicios Total Mexico_MT","INDIVIDUAL","Sabores",2022-08-01,722791247.814,8920350.597,46347196.487,172.103275229358,15.9346880733945,3.85505504587156,26.3873302752294
"47","Autoservicios Total Mexico_MT","INDIVIDUAL","Sabores",2022-09-01,685083369.851,8433669.021,44051965.723,176.895688073394,15.7690183486239,4.3514128440367,26.2744403669725
"48","Autoservicios Total Mexico_MT","INDIVIDUAL","Sabores",2022-10-01,618553076.433,7356130.578,41043164.806,183.613926605505,15.9558532110092,3.81345871559633,26.5660275229358
"49","Autoservicios Total Mexico_MT","INDIVIDUAL","Sabores",2022-11-01,620549171.56,7487655.895,41428721.675,180.232036697248,15.6318899082569,3.83816513761468,27.1510917431193
"50","Autoservicios Total Mexico_MT","INDIVIDUAL","Sabores",2022-12-01,787556481.713,10012621.353,48401137.282,184.571266055046,16.0985229357798,4.95538532110092,27.3040733944954
"51","Autoservicios Total Mexico_MT","INDIVIDUAL","Sabores",2023-01-01,767031316.403,9493859.93,45037814.702,182.23952293578,16.2561743119266,3.94934862385321,27.1686146788991
"52","Autoservicios Total Mexico_MT","INDIVIDUAL","Sabores",2023-02-01,559780007.696,6387509.037,35437283.278,175.136880733945,15.7040550458716,3.24340366972477,27.1677339449541
"53","Autoservicios Total Mexico_MT","INDIVIDUAL","Sabores",2023-03-01,681799017.6,7742830.11,44704883.489,177.89419266055,15.6539266055046,3.87651376146789,27.2410458715596
"54","Autoservicios Total Mexico_MT","INDIVIDUAL","Sabores",2023-04-01,754514085.171,8711913.9,49004032.315,175.908486238532,15.8931467889908,4.26333944954128,27.4138440366972
"55","Autoservicios Total Mexico_MT","INDIVIDUAL","Sabores",2023-05-01,817719117.646,9317865.88,54708655.568,170.030917431193,15.6403302752294,3.79477981651376,27.1119174311927
"56","Autoservicios Total Mexico_MT","INDIVIDUAL","Sabores",2023-06-01,892944693.122,10120186.301,59351383.456,165.429201834862,15.2981100917431,4.9323119266055,27.1485229357798
"57","Autoservicios Total Mexico_MT","INDIVIDUAL","Sabores",2023-07-01,920916347.262,10475063.253,59348262.429,156.914229357798,15.2820275229358,5.08291743119266,26.8314403669725
"58","Autoservicios Total Mexico_MT","INDIVIDUAL","Sabores",2023-08-01,833981415.994,9209721.937,51770888.782,164.122366972477,15.7415688073394,4.61746788990826,26.4520458715596
"59","Autoservicios Total Mexico_MT","INDIVIDUAL","Sabores",2023-09-01,811225925.102,9016828.516,50797855.574,161.530752293578,15.3567889908257,4.34932110091743,26.4105779816514
"60","Autoservicios Total Mexico_MT","INDIVIDUAL","Sabores",2023-10-01,764715634.487,8393130.157,49677383.713,155.681550458716,14.9766146788991,3.37420183486239,26.4921834862385
"61","Autoservicios Total Mexico_MT","INDIVIDUAL","Sabores",2023-11-01,710846210.966,7832763.676,45404640.924,168.191963302752,15.8191009174312,3.81998165137615,26.6465779816514
"62","Autoservicios Total Mexico_MT","INDIVIDUAL","Sabores",2023-12-01,907712439.575,10621346.04,53760569.606,159.627302752294,15.5197614678899,4.96214678899083,27.0726146788991
"63","Autoservicios Total Mexico_MT","INDIVIDUAL","Sabores",2024-01-01,846730318.649,9632577.39,48429679.332,160.149596330275,15.7027339449541,3.7708623853211,26.9482660550459
"64","Autoservicios Total Mexico_MT","INDIVIDUAL","Sabores",2024-02-01,674379110.417,7124701.087,42580023.598,165.044513761468,15.5684678899083,3.3352752293578,27.1804128440367
"65","Autoservicios Total Mexico_MT","INDIVIDUAL","Sabores",2024-03-01,798436714.915,8392442.974,50648084.09,163.213623853211,15.4425504587156,3.89579816513761,27.2050458715596
"66","Autoservicios Total Mexico_MT","INDIVIDUAL","Sabores",2024-04-01,869334880.327,9180137.563,53510846.73,176.234339449541,16.5881100917431,3.56662385321101,27.4705596330275
"67","Autoservicios Total Mexico_MT","INDIVIDUAL","Sabores",2024-05-01,1022480538.867,10658208.345,64195612.169,167.451944954128,15.8708532110092,4.84771559633027,27.3064678899083
"68","Autoservicios Total Mexico_MT","INDIVIDUAL","Sabores",2024-06-01,1035196072.967,11026770.892,64461174.399,161.377027522936,15.6551834862385,5.03135779816514,27.1987247706422
"69","Autoservicios Total Mexico_MT","INDIVIDUAL","Sabores",2024-07-01,921824296.066,9913942.173,55769639.638,155.575889908257,15.4059449541284,3.81677064220183,27.3514587155963
"70","Autoservicios Total Mexico_MT","INDIVIDUAL","Sabores",2024-08-01,862965299.911,8914278.072,51125565.054,156.122733944954,15.2052568807339,4.18297247706422,28.2151559633028
"71","Autoservicios Total Mexico_MT","INDIVIDUAL","Sabores",2024-09-01,857305658.201,9052584.359,51076376.384,165.249577981651,15.5594220183486,4.10881651376147,28.8969082568807
"72","Autoservicios Total Mexico_MT","INDIVIDUAL","Sabores",2024-10-01,786472168.121,8216263.433,48604505.795,181.596798165138,16.2699082568807,3.75466055045872,28.8557155963303
"73","Autoservicios Total Mexico_MT","INDIVIDUAL","Sabores",2024-11-01,789254236.133,8354547.673,48643353.239,173.72,15.7613211009174,3.7751376146789,28.7063669724771
"74","Autoservicios Total Mexico_MT","INDIVIDUAL","Sabores",2024-12-01,929202940.91,10129199.81,54529398.868,172.540816513761,15.9498348623853,3.72195412844037,28.4820366972477
"75","Autoservicios Total Mexico_MT","MULTI-PACK","COLA",2021-12-01,16194567.15,245961.522,381213.519,65.842,42.482,21.079,68.15
"76","Autoservicios Total Mexico_MT","MULTI-PACK","COLA",2022-01-01,14776568.91,221342.185,348337.059,66.759,42.42,19.392,68.108
"77","Autoservicios Total Mexico_MT","MULTI-PACK","COLA",2022-02-01,8620579.043,131793.316,209647.854,65.41,41.119,13.885,69.386
"78","Autoservicios Total Mexico_MT","MULTI-PACK","COLA",2022-03-01,10540353.26,154492.074,249765.784,68.226,42.201,12.452,71.408
"79","Autoservicios Total Mexico_MT","MULTI-PACK","COLA",2022-04-01,13578596.79,197791.926,329296.145,68.651,41.235,15.586,72.843
"80","Autoservicios Total Mexico_MT","MULTI-PACK","COLA",2022-05-01,15381281.38,223035.77,328935.397,68.963,46.761,16.114,65.543
"81","Autoservicios Total Mexico_MT","MULTI-PACK","COLA",2022-06-01,18262633.02,267222.678,426452.35,68.342,42.825,21.34,72.812
"82","Autoservicios Total Mexico_MT","MULTI-PACK","COLA",2022-07-01,22487217.03,330051.02,525376.169,68.133,42.802,25.346,74.111
"83","Autoservicios Total Mexico_MT","MULTI-PACK","COLA",2022-08-01,22372759.75,325887.722,527617.373,68.652,42.403,20.137,76.746
"84","Autoservicios Total Mexico_MT","MULTI-PACK","COLA",2022-09-01,22132814.01,329429.396,538223.743,67.185,41.122,23.744,79.142
"85","Autoservicios Total Mexico_MT","MULTI-PACK","COLA",2022-10-01,20727564.56,304639.965,507412.451,68.04,40.85,21.542,81.045
"86","Autoservicios Total Mexico_MT","MULTI-PACK","COLA",2022-11-01,21197698.68,311172.852,510651.538,68.122,41.511,21.753,81.375
"87","Autoservicios Total Mexico_MT","MULTI-PACK","COLA",2022-12-01,34635715.85,500767.35,832842.256,69.165,41.587,34.306,82.566
"88","Autoservicios Total Mexico_MT","MULTI-PACK","COLA",2023-01-01,32324077.98,457416.433,769929.591,70.667,41.983,26.277,81.345
"89","Autoservicios Total Mexico_MT","MULTI-PACK","COLA",2023-02-01,17871292.27,247177.561,417510.872,72.301,42.804,17.052,80.497
"90","Autoservicios Total Mexico_MT","MULTI-PACK","COLA",2023-03-01,21468150.05,297630.249,509641.437,72.13,42.124,20.093,81.586
"91","Autoservicios Total Mexico_MT","MULTI-PACK","COLA",2023-04-01,25174304.08,349054.408,610070.512,72.121,41.265,23.446,81.95
"92","Autoservicios Total Mexico_MT","MULTI-PACK","COLA",2023-05-01,26236218.16,358702.355,617839.836,73.142,42.464,19.98,81.964
"93","Autoservicios Total Mexico_MT","MULTI-PACK","COLA",2023-06-01,24681327.74,339781.586,583520.988,72.639,42.297,22.6,82.429
"94","Autoservicios Total Mexico_MT","MULTI-PACK","COLA",2023-07-01,28948327.43,399339.322,670248.622,72.491,43.19,26.935,80.752
"95","Autoservicios Total Mexico_MT","MULTI-PACK","COLA",2023-08-01,27981855.01,385665.088,650836.133,72.555,42.994,26.721,76.996
"96","Autoservicios Total Mexico_MT","MULTI-PACK","COLA",2023-09-01,24061186.28,323114.001,577334.377,74.467,41.676,22.401,77.298
"97","Autoservicios Total Mexico_MT","MULTI-PACK","COLA",2023-10-01,22772241.84,303279.62,535928.405,75.087,42.491,17.68,76.147
"98","Autoservicios Total Mexico_MT","MULTI-PACK","COLA",2023-11-01,22141828.01,286481.525,502653.485,77.289,44.05,20.125,76.16
"99","Autoservicios Total Mexico_MT","MULTI-PACK","COLA",2023-12-01,38562922.08,503588.243,865659.941,76.576,44.547,34.308,76.773
"100","Autoservicios Total Mexico_MT","MULTI-PACK","COLA",2024-01-01,33746358.45,433323.68,759971.791,77.878,44.405,24.617,75.919
"101","Autoservicios Total Mexico_MT","MULTI-PACK","COLA",2024-02-01,20418917.71,251063.748,451134.45,81.33,45.261,16.992,76.671
"102","Autoservicios Total Mexico_MT","MULTI-PACK","COLA",2024-03-01,22865752.21,278296.007,493397.5,82.163,46.343,18.948,76.098
"103","Autoservicios Total Mexico_MT","MULTI-PACK","COLA",2024-04-01,25874984.24,307566.955,557818.693,84.128,46.386,17.385,77.098
"104","Autoservicios Total Mexico_MT","MULTI-PACK","COLA",2024-05-01,26483026.3,311514.035,550048.633,85.014,48.147,21.119,76.831
"105","Autoservicios Total Mexico_MT","MULTI-PACK","COLA",2024-06-01,24159624.07,283924.71,495518.61,85.092,48.756,19.492,76.751
"106","Autoservicios Total Mexico_MT","MULTI-PACK","COLA",2024-07-01,24779158.18,285699.466,514205.053,86.732,48.189,16.23,76.516
"107","Autoservicios Total Mexico_MT","MULTI-PACK","COLA",2024-08-01,21815525.22,249112.529,464277.974,87.573,46.988,16.912,76.75
"108","Autoservicios Total Mexico_MT","MULTI-PACK","COLA",2024-09-01,22653083.77,260941.362,478920.017,86.813,47.3,17.58,77.22
"109","Autoservicios Total Mexico_MT","MULTI-PACK","COLA",2024-10-01,19986358.05,223537.331,420715.266,89.409,47.506,15.117,77.104
"110","Autoservicios Total Mexico_MT","MULTI-PACK","COLA",2024-11-01,20797913.02,241223.155,423088.638,86.219,49.157,16.288,77.06
"111","Autoservicios Total Mexico_MT","MULTI-PACK","COLA",2024-12-01,39545017.79,476336.251,749923.378,83.019,52.732,26.308,78.435
"112","Autoservicios Total Mexico_MT","MULTI-PACK","Sabores",2021-12-01,7102397.024,141692.029,280771.446,28.6498571428571,11.6644285714286,1.938,10.5723571428571
"113","Autoservicios Total Mexico_MT","MULTI-PACK","Sabores",2022-01-01,6795428.347,134505.945,266974.401,28.8460714285714,11.076,1.9445,9.9215
"114","Autoservicios Total Mexico_MT","MULTI-PACK","Sabores",2022-02-01,3829093.786,76504.43,156395.083,21.6409285714286,9.22614285714286,1.33957142857143,10.3557857142857
"115","Autoservicios Total Mexico_MT","MULTI-PACK","Sabores",2022-03-01,4454745.733,85730.768,179886.113,21.5503571428571,9.212,1.19378571428571,10.4318571428571
"116","Autoservicios Total Mexico_MT","MULTI-PACK","Sabores",2022-04-01,5915537.804,112563.566,242239.516,21.2566428571429,9.10542857142857,1.56578571428571,10.5732857142857
"117","Autoservicios Total Mexico_MT","MULTI-PACK","Sabores",2022-05-01,5794815.402,112474.349,220665.222,29.4148571428571,11.9536428571429,1.34085714285714,10.013
"118","Autoservicios Total Mexico_MT","MULTI-PACK","Sabores",2022-06-01,7548199.418,141102.671,305251.025,39.3521428571429,13.7375,2.1575,11.5767142857143
"119","Autoservicios Total Mexico_MT","MULTI-PACK","Sabores",2022-07-01,9371641.676,176701.228,379405.051,39.3128571428571,13.6981428571429,2.40664285714286,11.9087857142857
"120","Autoservicios Total Mexico_MT","MULTI-PACK","Sabores",2022-08-01,9799703.459,185756.276,394782.065,31.8693571428571,11.7017142857143,1.96307142857143,12.2582857142857
"121","Autoservicios Total Mexico_MT","MULTI-PACK","Sabores",2022-09-01,10171851.576,196748.291,412767.923,32.0672857142857,11.7155,2.39692857142857,12.8400714285714
"122","Autoservicios Total Mexico_MT","MULTI-PACK","Sabores",2022-10-01,9558495.283,180278.079,388655.661,40.0047142857143,13.7353571428571,2.2075,13.0769285714286
"123","Autoservicios Total Mexico_MT","MULTI-PACK","Sabores",2022-11-01,9587493.721,179863.902,386092.039,43.9382142857143,15.1862142857143,2.14592857142857,13.519
"124","Autoservicios Total Mexico_MT","MULTI-PACK","Sabores",2022-12-01,16729866.245,311391.44,654235.085,32.6193571428571,11.9182142857143,3.09471428571429,14.4697142857143
"125","Autoservicios Total Mexico_MT","MULTI-PACK","Sabores",2023-01-01,15576023.605,286712.68,605984.001,32.8065,11.9336428571429,2.53142857142857,13.5172142857143
"126","Autoservicios Total Mexico_MT","MULTI-PACK","Sabores",2023-02-01,8301914.444,147965.923,323465.344,41.4530714285714,14.2453571428571,1.92985714285714,13.6247142857143
"127","Autoservicios Total Mexico_MT","MULTI-PACK","Sabores",2023-03-01,10153005.36,179254.409,397890.61,38.2354285714286,13.7272142857143,2.03542857142857,13.871
"128","Autoservicios Total Mexico_MT","MULTI-PACK","Sabores",2023-04-01,12648557.365,222669.902,490083.657,33.9051428571429,12.1800714285714,2.50571428571429,13.9537142857143
"129","Autoservicios Total Mexico_MT","MULTI-PACK","Sabores",2023-05-01,13005257.579,225763.883,490823.894,44.6597142857143,16.3392857142857,2.38271428571429,13.8106428571429
"130","Autoservicios Total Mexico_MT","MULTI-PACK","Sabores",2023-06-01,12371013.613,216214.936,468091.868,37.0405714285714,14.3815714285714,2.47164285714286,13.8825
"131","Autoservicios Total Mexico_MT","MULTI-PACK","Sabores",2023-07-01,14117440.655,247645.383,527763.706,75.3206428571429,22.4547142857143,2.88157142857143,13.0386428571429
"132","Autoservicios Total Mexico_MT","MULTI-PACK","Sabores",2023-08-01,14027902.55,242029.097,517274.281,75.8508571428571,21.6479285714286,2.84485714285714,12.9397857142857
"133","Autoservicios Total Mexico_MT","MULTI-PACK","Sabores",2023-09-01,13468955.871,226434.542,484297.401,80.6727142857143,23.4237142857143,2.7355,13.5266428571429
"134","Autoservicios Total Mexico_MT","MULTI-PACK","Sabores",2023-10-01,12476491.003,208930.089,449715.357,66.6983571428571,20.3672857142857,2.31092857142857,13.7302142857143
"135","Autoservicios Total Mexico_MT","MULTI-PACK","Sabores",2023-11-01,11689136.047,187928.919,420713.662,66.5079285714286,20.5454285714286,2.34121428571429,13.3901428571429
"136","Autoservicios Total Mexico_MT","MULTI-PACK","Sabores",2023-12-01,20161915.767,337545.313,715493.511,67.6714285714286,20.8747857142857,3.62078571428571,12.9645
"137","Autoservicios Total Mexico_MT","MULTI-PACK","Sabores",2024-01-01,17786704.347,294547.16,631770.039,65.0543571428571,20.0949285714286,2.69614285714286,12.3227857142857
"138","Autoservicios Total Mexico_MT","MULTI-PACK","Sabores",2024-02-01,10365992.101,163439.472,377733.944,66.6821428571428,20.2726428571429,2.079,12.7867857142857
"139","Autoservicios Total Mexico_MT","MULTI-PACK","Sabores",2024-03-01,11128118.045,174068.403,405683.57,62.5602857142857,18.7587857142857,2.25514285714286,12.7027142857143
"140","Autoservicios Total Mexico_MT","MULTI-PACK","Sabores",2024-04-01,12848652.896,198101.981,463636.842,65.5570714285714,19.804,2.15507142857143,12.8735714285714
"141","Autoservicios Total Mexico_MT","MULTI-PACK","Sabores",2024-05-01,13073302.816,197063.487,445116.552,64.4487142857143,19.6430714285714,2.38921428571429,12.8127857142857
"142","Autoservicios Total Mexico_MT","MULTI-PACK","Sabores",2024-06-01,11670928.403,174055.633,396563.84,64.9831428571429,19.7645,2.19878571428571,12.1417857142857
"143","Autoservicios Total Mexico_MT","MULTI-PACK","Sabores",2024-07-01,12379486.532,182452.728,426881.828,65.6871428571429,19.664,1.95185714285714,11.7286428571429
"144","Autoservicios Total Mexico_MT","MULTI-PACK","Sabores",2024-08-01,11474381.125,168253.226,398363.756,40.3525,13.6874285714286,2.012,11.8964285714286
"145","Autoservicios Total Mexico_MT","MULTI-PACK","Sabores",2024-09-01,11943705.934,176887.306,407154.309,40.0295714285714,13.8636428571429,2.02064285714286,12.7398571428571
"146","Autoservicios Total Mexico_MT","MULTI-PACK","Sabores",2024-10-01,10719948.2,153630.271,363794.497,41.3117142857143,14.0145,1.75892857142857,12.8242142857143
"147","Autoservicios Total Mexico_MT","MULTI-PACK","Sabores",2024-11-01,10077360.361,144954.28,341853.961,40.8627142857143,14.0240714285714,1.70007142857143,12.7132142857143
"148","Autoservicios Total Mexico_MT","MULTI-PACK","Sabores",2024-12-01,16269306.559,239354.256,535747.247,40.6450714285714,14.1695,2.11378571428571,13.1451428571429
"149","Autoservicios Total Mexico_MT","MULTI-PACK CRUZADO","COLA",2021-12-01,1429988.723,12724.999,21829.14,112.376,65.508,15.373,6.836
"150","Autoservicios Total Mexico_MT","MULTI-PACK CRUZADO","COLA",2022-01-01,1662247.958,13781.732,23573.604,120.612,70.513,13.412,7.781
"151","Autoservicios Total Mexico_MT","MULTI-PACK CRUZADO","COLA",2022-02-01,3190865.669,19896.927,36552.325,160.37,87.296,8.506,24.065
"152","Autoservicios Total Mexico_MT","MULTI-PACK CRUZADO","COLA",2022-03-01,4587308.934,36182.018,68516.49,126.784,66.952,12.212,23.882
"153","Autoservicios Total Mexico_MT","MULTI-PACK CRUZADO","COLA",2022-04-01,1961520.982,16786.084,29099.221,116.854,67.408,13.281,9.791
"154","Autoservicios Total Mexico_MT","MULTI-PACK CRUZADO","COLA",2022-05-01,1897803.768,15893.246,26501.531,119.409,71.611,14.954,6.572
"155","Autoservicios Total Mexico_MT","MULTI-PACK CRUZADO","COLA",2022-06-01,1939332.196,16342.122,27832.905,118.671,69.678,19.063,5.946
"156","Autoservicios Total Mexico_MT","MULTI-PACK CRUZADO","COLA",2022-07-01,2310635.248,19469.639,32501.42,118.679,71.093,22.658,6.284
"157","Autoservicios Total Mexico_MT","MULTI-PACK CRUZADO","COLA",2022-08-01,2157235.091,17708.968,29548.496,121.816,73.007,17.482,6.236
"158","Autoservicios Total Mexico_MT","MULTI-PACK CRUZADO","COLA",2022-09-01,2223575.452,18153.993,30283.271,122.484,73.426,21.478,6.103
"159","Autoservicios Total Mexico_MT","MULTI-PACK CRUZADO","COLA",2022-10-01,2435458.633,19494.607,32120.574,124.93,75.822,22.453,6.506
"160","Autoservicios Total Mexico_MT","MULTI-PACK CRUZADO","COLA",2022-11-01,2521640.189,20063.139,33818.999,125.685,74.563,22.722,6.636
"161","Autoservicios Total Mexico_MT","MULTI-PACK CRUZADO","COLA",2022-12-01,3002212.402,23880.414,39788.664,125.719,75.454,26.769,6.927
"162","Autoservicios Total Mexico_MT","MULTI-PACK CRUZADO","COLA",2023-01-01,2707726.352,21238.971,35694.655,127.489,75.858,20.142,6.902
"163","Autoservicios Total Mexico_MT","MULTI-PACK CRUZADO","COLA",2023-02-01,2928788.836,23186.286,38026.8,126.316,77.019,26.047,7.076
"164","Autoservicios Total Mexico_MT","MULTI-PACK CRUZADO","COLA",2023-03-01,3909498.698,30263.072,49248.45,129.184,79.383,33.868,6.812
"165","Autoservicios Total Mexico_MT","MULTI-PACK CRUZADO","COLA",2023-04-01,4244039.272,32460.021,52574.525,130.747,80.724,35.353,6.879
"166","Autoservicios Total Mexico_MT","MULTI-PACK CRUZADO","COLA",2023-05-01,5243058.286,38888.706,63031.773,134.822,83.181,28.488,8.644
"167","Autoservicios Total Mexico_MT","MULTI-PACK CRUZADO","COLA",2023-06-01,5689166.373,43662.513,70568.84,130.299,80.619,45.728,6.936
"168","Autoservicios Total Mexico_MT","MULTI-PACK CRUZADO","COLA",2023-07-01,6645721.886,50581.719,81264.548,131.386,81.779,54.826,7.058
"169","Autoservicios Total Mexico_MT","MULTI-PACK CRUZADO","COLA",2023-08-01,9846165.617,71479.293,113959.817,137.749,86.4,78.424,7.501
"170","Autoservicios Total Mexico_MT","MULTI-PACK CRUZADO","COLA",2023-09-01,9328010.058,69818.014,111407.412,133.605,83.729,76.878,6.659
"171","Autoservicios Total Mexico_MT","MULTI-PACK CRUZADO","COLA",2023-10-01,7894877.486,58444.08,93398.784,135.084,84.529,53.369,6.977
"172","Autoservicios Total Mexico_MT","MULTI-PACK CRUZADO","COLA",2023-11-01,6177607.02,43142.608,69904.966,143.19,88.372,47.133,7.038
"173","Autoservicios Total Mexico_MT","MULTI-PACK CRUZADO","COLA",2023-12-01,26581499.89,87409.348,219333.748,304.104,121.192,18.421,30.785
"174","Autoservicios Total Mexico_MT","MULTI-PACK CRUZADO","COLA",2024-01-01,5048721.425,25302.9,47487.348,199.531,106.317,10.208,14.707
"175","Autoservicios Total Mexico_MT","MULTI-PACK CRUZADO","COLA",2024-02-01,2987011.953,17996.593,30574.059,165.977,97.698,13.679,9.602
"176","Autoservicios Total Mexico_MT","MULTI-PACK CRUZADO","COLA",2024-03-01,3252867.947,20004.92,33003.991,162.603,98.56,19.88,7.588
"177","Autoservicios Total Mexico_MT","MULTI-PACK CRUZADO","COLA",2024-04-01,3576298.629,22800.997,37336.9,156.848,95.785,19.535,7.039
"178","Autoservicios Total Mexico_MT","MULTI-PACK CRUZADO","COLA",2024-05-01,5010507.918,32402.798,52607.066,154.632,95.244,33.97,6.936
"179","Autoservicios Total Mexico_MT","MULTI-PACK CRUZADO","COLA",2024-06-01,4907341.429,31039.8,50448.507,158.098,97.274,31.961,6.861
"180","Autoservicios Total Mexico_MT","MULTI-PACK CRUZADO","COLA",2024-07-01,4680978.856,28920.386,46924.307,161.857,99.756,25.155,7.546
"181","Autoservicios Total Mexico_MT","MULTI-PACK CRUZADO","COLA",2024-08-01,5064083.428,31795.22,51298.779,159.272,98.717,32.844,7.635
"182","Autoservicios Total Mexico_MT","MULTI-PACK CRUZADO","COLA",2024-09-01,5629127.903,34944.071,56318.709,161.09,99.951,34.874,7.455
"183","Autoservicios Total Mexico_MT","MULTI-PACK CRUZADO","COLA",2024-10-01,4153376.233,25351.163,41194.357,163.834,100.824,24.854,7.241
"184","Autoservicios Total Mexico_MT","MULTI-PACK CRUZADO","COLA",2024-11-01,33300425.69,71454.648,223687.534,466.036,148.87,15.774,30.472
"185","Autoservicios Total Mexico_MT","MULTI-PACK CRUZADO","COLA",2024-12-01,15460201.16,38512.082,104448.147,401.438,148.018,4.814,39.604
"186","Autoservicios Total Mexico_MT","MULTI-PACK CRUZADO","Sabores",2021-12-01,5002.712,185.715,1765.316,14.3634,4.531,0.1379,0.9543
"187","Autoservicios Total Mexico_MT","MULTI-PACK CRUZADO","Sabores",2022-01-01,3449.358,124.481,1178,19.7943,6.4242,0.145,0.7782
"188","Autoservicios Total Mexico_MT","MULTI-PACK CRUZADO","Sabores",2022-02-01,1522.368,59.049,559.031,12.536,3.6938,0.1196,0.3913
"189","Autoservicios Total Mexico_MT","MULTI-PACK CRUZADO","Sabores",2022-03-01,1203.479,42.811,385.925,14.8447,4.5168,0.1066,0.2481
"190","Autoservicios Total Mexico_MT","MULTI-PACK CRUZADO","Sabores",2022-04-01,838.333,26.333,242.658,15.6672,5.6103,0.113,0.1851
"191","Autoservicios Total Mexico_MT","MULTI-PACK CRUZADO","Sabores",2022-05-01,806.808,25.643,205.515,22.6765,8.3408,0.3891,0.1539
"192","Autoservicios Total Mexico_MT","MULTI-PACK CRUZADO","Sabores",2022-06-01,734.579,28.757,266.924,14.6015,4.5853,0.1079,0.1283
"193","Autoservicios Total Mexico_MT","MULTI-PACK CRUZADO","Sabores",2022-07-01,796.84,27.513,199.015,20.5325,6.8767,0.3238,0.0883
"194","Autoservicios Total Mexico_MT","MULTI-PACK CRUZADO","Sabores",2022-08-01,360.227,14.024,112.936,20.5304,6.8948,0.3153,0.0513
"195","Autoservicios Total Mexico_MT","MULTI-PACK CRUZADO","Sabores",2022-09-01,349.228,15.026,86.428,14.6711,5.0287,0.4728,0.0451
"196","Autoservicios Total Mexico_MT","MULTI-PACK CRUZADO","Sabores",2022-10-01,218.33,5.856,31.143,15.855,4.6404,0.0993,0.0183
"197","Autoservicios Total Mexico_MT","MULTI-PACK CRUZADO","Sabores",2022-11-01,322.469,8.358,44.285,11.3345,3.5502,0.1274,0.0214
"198","Autoservicios Total Mexico_MT","MULTI-PACK CRUZADO","Sabores",2022-12-01,380.464,8.231,40.286,22.1644,6.5543,0.2229,0.0233
"199","Autoservicios Total Mexico_MT","MULTI-PACK CRUZADO","Sabores",2023-01-01,165.515,4.871,25.714,11.743,3.1537,0.1241,0.0176
"200","Autoservicios Total Mexico_MT","MULTI-PACK CRUZADO","Sabores",2023-02-01,106.985,4.122,31,9.2366,3.156,0.1169,0.0104
"201","Autoservicios Total Mexico_MT","MULTI-PACK CRUZADO","Sabores",2023-03-01,76.831,3.887,30.428,13.5814,5.0593,0.2724,0.0074
"202","Autoservicios Total Mexico_MT","MULTI-PACK CRUZADO","Sabores",2023-04-01,87.354,3.451,19.714,9.5621,3.2675,0.1748,0.0083
"203","Autoservicios Total Mexico_MT","MULTI-PACK CRUZADO","Sabores",2023-05-01,215.128,3.093,12.143,20.2331,6.5884,0.0724,0.0066
"204","Autoservicios Total Mexico_MT","MULTI-PACK CRUZADO","Sabores",2023-06-01,39.057,2.234,13.428,8.6863,3.169,0.1496,0.0043
"205","Autoservicios Total Mexico_MT","MULTI-PACK CRUZADO","Sabores",2023-07-01,56.675,1.832,10,7.1739,2.5239,0.0874,0.0068
"206","Autoservicios Total Mexico_MT","MULTI-PACK CRUZADO","Sabores",2023-08-01,109.572,2.962,10.429,13.2685,4.6128,0.1426,0.0036
"207","Autoservicios Total Mexico_MT","MULTI-PACK CRUZADO","Sabores",2023-09-01,1391065.348,9905.165,28116.867,17.8126,5.26,0.5807,1.3414
"208","Autoservicios Total Mexico_MT","MULTI-PACK CRUZADO","Sabores",2023-10-01,669371.682,5077.304,14415.687,19.0353,5.1911,0.2416,1.4308
"209","Autoservicios Total Mexico_MT","MULTI-PACK CRUZADO","Sabores",2023-11-01,174224.087,1509.368,4288.885,17.2247,4.6065,0.2319,0.5039
"210","Autoservicios Total Mexico_MT","MULTI-PACK CRUZADO","Sabores",2023-12-01,16134.94,148.854,427.421,13.2368,4.0827,0.1263,0.117
"211","Autoservicios Total Mexico_MT","MULTI-PACK CRUZADO","Sabores",2024-01-01,1871.731,17.355,52.861,13.6098,4.1639,0.0757,0.0202
"212","Autoservicios Total Mexico_MT","MULTI-PACK CRUZADO","Sabores",2024-02-01,1233.031,8.098,24.286,17.1992,5.6558,0.1289,0.0055
"213","Autoservicios Total Mexico_MT","MULTI-PACK CRUZADO","Sabores",2024-03-01,373.272,6.896,45.714,20.2885,5.5926,0.1321,0.0086
"214","Autoservicios Total Mexico_MT","MULTI-PACK CRUZADO","Sabores",2024-04-01,76.748,2.189,13.858,19.0825,6.0882,0.1023,0.0031
"215","Autoservicios Total Mexico_MT","MULTI-PACK CRUZADO","Sabores",2024-05-01,2.407,0.619,5.857,0.3889,0.0411,0.0295,0.0011
"216","Autoservicios Total Mexico_MT","MULTI-PACK CRUZADO","Sabores",2024-06-01,0,0,0,0,0,0,0
"217","Autoservicios Total Mexico_MT","MULTI-PACK CRUZADO","Sabores",2024-07-01,206.24,2.141,4.857,31.0428,10.0429,0.0904,0.0037
"218","Autoservicios Total Mexico_MT","MULTI-PACK CRUZADO","Sabores",2024-08-01,1.873,0.332,3.143,0.5642,0.0596,0.0172,0.0012
"219","Autoservicios Total Mexico_MT","MULTI-PACK CRUZADO","Sabores",2024-09-01,0,0,0,0,0,0,0
"220","Autoservicios Total Mexico_MT","MULTI-PACK CRUZADO","Sabores",2024-10-01,6.02,0.528,1,1.1402,0.602,0.0467,5e-04
"221","Autoservicios Total Mexico_MT","MULTI-PACK CRUZADO","Sabores",2024-11-01,0,0,0,0,0,0,0
"222","Autoservicios Total Mexico_MT","MULTI-PACK CRUZADO","Sabores",2024-12-01,17.16,0.528,1,3.25,1.716,0.0389,5e-04
"223","Autoservicios Total Mexico_MT","PACK","COLA",2021-12-01,161725097.1,1195492.65,2326771.152,135.279,69.506,73.575,90.661
"224","Autoservicios Total Mexico_MT","PACK","COLA",2022-01-01,153224106,1102842.023,2145064.476,138.936,71.431,68.319,90.501
"225","Autoservicios Total Mexico_MT","PACK","COLA",2022-02-01,147327797.5,1072190.829,2153354.828,137.408,68.418,83.577,89.618
"226","Autoservicios Total Mexico_MT","PACK","COLA",2022-03-01,163071358.1,1122685.697,2223230.225,145.251,73.349,69.97,89.45
"227","Autoservicios Total Mexico_MT","PACK","COLA",2022-04-01,174042954.5,1195031.69,2370566.078,145.639,73.418,74.328,89.631
"228","Autoservicios Total Mexico_MT","PACK","COLA",2022-05-01,193979817.2,1338042.429,2656523.912,144.973,73.02,69.563,89.152
"229","Autoservicios Total Mexico_MT","PACK","COLA",2022-06-01,194606611.2,1352644.288,2709636.146,143.871,71.82,84.174,90.129
"230","Autoservicios Total Mexico_MT","PACK","COLA",2022-07-01,206901953.5,1448452.833,2927142.313,142.843,70.684,90.107,89.645
"231","Autoservicios Total Mexico_MT","PACK","COLA",2022-08-01,202239082.2,1370539.049,2731762.325,147.562,74.032,70.789,89.835
"232","Autoservicios Total Mexico_MT","PACK","COLA",2022-09-01,197374342.6,1338422.874,2627858.885,147.468,75.108,82.807,89.562
"233","Autoservicios Total Mexico_MT","PACK","COLA",2022-10-01,208501319.3,1391593.428,2715466.267,149.829,76.783,84.99,89.828
"234","Autoservicios Total Mexico_MT","PACK","COLA",2022-11-01,207404566.6,1392169.297,2698788.112,148.979,76.851,72.033,93.563
"235","Autoservicios Total Mexico_MT","PACK","COLA",2022-12-01,230593754,1630738.217,3116629.931,141.405,73.988,83.704,93.843
"236","Autoservicios Total Mexico_MT","PACK","COLA",2023-01-01,220176338.1,1522589.017,2940418.535,144.607,74.879,65.135,93.56
"237","Autoservicios Total Mexico_MT","PACK","COLA",2023-02-01,208412144.3,1417487.256,2792819.976,147.029,74.624,71.808,93.762
"238","Autoservicios Total Mexico_MT","PACK","COLA",2023-03-01,260633634.9,1766863.892,3476593.909,147.512,74.968,88.598,93.817
"239","Autoservicios Total Mexico_MT","PACK","COLA",2023-04-01,269374438.5,1839264.568,3595227.533,146.458,74.926,91.682,94.193
"240","Autoservicios Total Mexico_MT","PACK","COLA",2023-05-01,297950129.4,2042081.174,3956843.111,145.905,75.3,84.125,93.985
"241","Autoservicios Total Mexico_MT","PACK","COLA",2023-06-01,318171063.7,2184237.704,4221536.057,145.667,75.369,106.084,94.28
"242","Autoservicios Total Mexico_MT","PACK","COLA",2023-07-01,331894507.1,2283595.432,4416823.54,145.339,75.143,111.593,93.948
"243","Autoservicios Total Mexico_MT","PACK","COLA",2023-08-01,320691621.8,2193032.026,4245843.253,146.232,75.531,107.297,93.549
"244","Autoservicios Total Mexico_MT","PACK","COLA",2023-09-01,301844367.7,1946078.789,3738102.349,155.104,80.748,95.082,93.26
"245","Autoservicios Total Mexico_MT","PACK","COLA",2023-10-01,291892288.3,1859499.556,3545034.125,156.974,82.338,75.684,93.443
"246","Autoservicios Total Mexico_MT","PACK","COLA",2023-11-01,275653079.6,1741688.984,3292122.746,158.268,83.731,85.365,93.821
"247","Autoservicios Total Mexico_MT","PACK","COLA",2023-12-01,291995346.1,1864931.093,3469059.432,156.572,84.171,90.71,94.288
"248","Autoservicios Total Mexico_MT","PACK","COLA",2024-01-01,263713820,1618395.927,3024172.81,162.948,87.202,65.621,93.697
"249","Autoservicios Total Mexico_MT","PACK","COLA",2024-02-01,238714271.3,1390453.255,2655773.214,171.681,89.885,67.694,93.089
"250","Autoservicios Total Mexico_MT","PACK","COLA",2024-03-01,278658026.3,1635996.05,3185834.549,170.329,87.468,79.16,93.248
"251","Autoservicios Total Mexico_MT","PACK","COLA",2024-04-01,283664005.6,1670404.242,3242060.252,169.818,87.495,67.187,93.226
"252","Autoservicios Total Mexico_MT","PACK","COLA",2024-05-01,314274986.4,1837703.788,3543811.103,171.015,88.683,88.461,93.083
"253","Autoservicios Total Mexico_MT","PACK","COLA",2024-06-01,328274367.1,1945538.418,3748922.275,168.732,87.565,93.243,93.376
"254","Autoservicios Total Mexico_MT","PACK","COLA",2024-07-01,302655853.9,1818675.182,3486299.937,166.416,86.813,72.347,93.453
"255","Autoservicios Total Mexico_MT","PACK","COLA",2024-08-01,308476706.3,1852468.83,3487681.132,166.522,88.448,88.229,93.355
"256","Autoservicios Total Mexico_MT","PACK","COLA",2024-09-01,316130662.9,1881513.683,3539987.039,168.019,89.303,89.437,93.21
"257","Autoservicios Total Mexico_MT","PACK","COLA",2024-10-01,307706615,1752606.962,3350742.98,175.571,91.832,83.638,92.789
"258","Autoservicios Total Mexico_MT","PACK","COLA",2024-11-01,320330828.2,1867853.333,3522912.74,171.497,90.928,88.656,93.079
"259","Autoservicios Total Mexico_MT","PACK","COLA",2024-12-01,334007520.9,1987351.594,3654224.19,168.067,91.403,78.243,93.612
"260","Autoservicios Total Mexico_MT","PACK","Sabores",2021-12-01,55757790.453,350105.736,976182.163,152.431566037736,75.3667169811321,1.65071698113208,7.9352641509434
"261","Autoservicios Total Mexico_MT","PACK","Sabores",2022-01-01,51931891.178,299798.169,871340.724,169.093471698113,80.5336603773585,1.84181132075472,7.75332075471698
"262","Autoservicios Total Mexico_MT","PACK","Sabores",2022-02-01,43225158.801,234347.285,717702.573,167.866339622642,80.0137169811321,1.80045283018868,7.94384905660377
"263","Autoservicios Total Mexico_MT","PACK","Sabores",2022-03-01,53945576.594,286026.689,883665.34,186.080867924528,92.9368301886793,1.619,7.69592452830189
"264","Autoservicios Total Mexico_MT","PACK","Sabores",2022-04-01,61184289.997,347406.873,1003373.882,180.741075471698,95.5007924528302,1.88311320754717,8.49479245283019
"265","Autoservicios Total Mexico_MT","PACK","Sabores",2022-05-01,65973804.286,355509.777,1053869.515,200.693339622642,100.837811320755,1.60001886792453,8.36532075471698
"266","Autoservicios Total Mexico_MT","PACK","Sabores",2022-06-01,66718542.83,369743.005,1079036.652,198.932886792453,98.5950377358491,1.90852830188679,8.02220754716981
"267","Autoservicios Total Mexico_MT","PACK","Sabores",2022-07-01,67796158.068,377492.488,1096320.296,185.459396226415,91.145358490566,2.05471698113208,8.11975471698113
"268","Autoservicios Total Mexico_MT","PACK","Sabores",2022-08-01,61934526.491,331534.22,966447.542,188.211226415094,91.4479056603774,1.86349056603774,8.09737735849057
"269","Autoservicios Total Mexico_MT","PACK","Sabores",2022-09-01,59981916.828,308923.17,920768.752,211.690905660377,103.979811320755,1.64843396226415,8.06194339622641
"270","Autoservicios Total Mexico_MT","PACK","Sabores",2022-10-01,58763307.674,299298.693,897474.693,198.71720754717,96.0167924528302,1.72830188679245,8.15509433962264
"271","Autoservicios Total Mexico_MT","PACK","Sabores",2022-11-01,58508480.448,295488.349,885025.097,200.600641509434,98.1633962264151,1.75747169811321,8.39603773584906
"272","Autoservicios Total Mexico_MT","PACK","Sabores",2022-12-01,65202966.473,317418.64,965837.975,230.808716981132,118.134490566038,1.65835849056604,8.57335849056604
"273","Autoservicios Total Mexico_MT","PACK","Sabores",2023-01-01,62102628.459,292875.862,892124.413,259.247283018868,126.562358490566,1.48564150943396,8.70001886792453
"274","Autoservicios Total Mexico_MT","PACK","Sabores",2023-02-01,53933059.957,253104.866,774928.265,237.699962264151,118.06479245283,1.93458490566038,8.56354716981132
"275","Autoservicios Total Mexico_MT","PACK","Sabores",2023-03-01,64693852.26,308852.279,944525.62,255.726,123.311943396226,2.33628301886792,8.31360377358491
"276","Autoservicios Total Mexico_MT","PACK","Sabores",2023-04-01,66097057.159,317548.931,966925.211,247.371075471698,119.793339622642,2.58041509433962,8.37935849056604
"277","Autoservicios Total Mexico_MT","PACK","Sabores",2023-05-01,69073568.098,334378.481,1021124.271,245.388377358491,118.106547169811,1.97398113207547,8.1341320754717
"278","Autoservicios Total Mexico_MT","PACK","Sabores",2023-06-01,74665271.6,373059.709,1130441.198,241.58041509434,116.101754716981,2.51511320754717,8.11245283018868
"279","Autoservicios Total Mexico_MT","PACK","Sabores",2023-07-01,74294750.69,374275.772,1126915.687,231.855773584906,115.609339622642,2.47094339622641,8.0987358490566
"280","Autoservicios Total Mexico_MT","PACK","Sabores",2023-08-01,71467523.12,340074.812,1016500.862,272.268301886792,131.187547169811,2.40324528301887,8.46935849056604
"281","Autoservicios Total Mexico_MT","PACK","Sabores",2023-09-01,68556789.435,312965.921,938520.098,269.018226415094,129.182490566038,2.03690566037736,8.18271698113208
"282","Autoservicios Total Mexico_MT","PACK","Sabores",2023-10-01,67429305.111,305376.116,916945.421,267.343283018868,126.337754716981,1.66290566037736,8.10698113207547
"283","Autoservicios Total Mexico_MT","PACK","Sabores",2023-11-01,64410805.539,292983.914,883198.247,274.575905660377,125.462905660377,2.10209433962264,8.53945283018868
"284","Autoservicios Total Mexico_MT","PACK","Sabores",2023-12-01,74489832.28,339765.18,1024874.99,261.120867924528,120.477528301887,2.39439622641509,8.98545283018868
"285","Autoservicios Total Mexico_MT","PACK","Sabores",2024-01-01,68509138.958,313505.265,928924.167,252.717679245283,117.797660377358,2.01347169811321,8.78864150943396
"286","Autoservicios Total Mexico_MT","PACK","Sabores",2024-02-01,64222830.571,301022.579,888159.94,232.292433962264,115.814754716981,2.33483018867925,9.20547169811321
"287","Autoservicios Total Mexico_MT","PACK","Sabores",2024-03-01,76573272.038,351977.99,1050394.166,232.700547169811,116.755867924528,2.38007547169811,9.25071698113208
"288","Autoservicios Total Mexico_MT","PACK","Sabores",2024-04-01,79170686.023,355114.7,1052693.281,234.13941509434,116.776509433962,1.92996226415094,9.26277358490566
"289","Autoservicios Total Mexico_MT","PACK","Sabores",2024-05-01,90910547.426,409580.871,1221642.087,225.333905660377,113.184358490566,2.3841320754717,9.1282641509434
"290","Autoservicios Total Mexico_MT","PACK","Sabores",2024-06-01,95061715.304,454964.881,1332212.738,233.383698113208,114.850433962264,2.61471698113208,9.2042641509434
"291","Autoservicios Total Mexico_MT","PACK","Sabores",2024-07-01,80559660.098,381678.914,1113115.916,216.159830188679,112.184547169811,1.97141509433962,9.1671320754717
"292","Autoservicios Total Mexico_MT","PACK","Sabores",2024-08-01,78164482.653,358125.111,1039887.233,206.829905660377,112.937377358491,2.46609433962264,9.45143396226415
"293","Autoservicios Total Mexico_MT","PACK","Sabores",2024-09-01,78560293.814,357991.355,1043436.704,204.910735849057,109.822150943396,1.94150943396226,9.90083018867925
"294","Autoservicios Total Mexico_MT","PACK","Sabores",2024-10-01,78342887.27,351552.462,1055208.315,213.535867924528,114.540547169811,1.82452830188679,10.280320754717
"295","Autoservicios Total Mexico_MT","PACK","Sabores",2024-11-01,77306993.62,340522.955,1022643.176,203.235754716981,112.056622641509,1.71232075471698,10.553358490566
"296","Autoservicios Total Mexico_MT","PACK","Sabores",2024-12-01,84819758.415,366403.729,1094266.45,216.353471698113,117.86779245283,1.42352830188679,10.5087358490566
"297","TOTAL MEXICO TRAD + MINIS","INDIVIDUAL","COLA",2021-12-01,5115981176.25,59235436.51,280273057.2,86.367,18.254,157.957,68.87
"298","TOTAL MEXICO TRAD + MINIS","INDIVIDUAL","COLA",2022-01-01,5167442346.36,60744762.19,274367698.4,85.068,18.834,161.133,69.23
"299","TOTAL MEXICO TRAD + MINIS","INDIVIDUAL","COLA",2022-02-01,4710273748.86,54640897,255693350,86.204,18.422,145.598,68.92
"300","TOTAL MEXICO TRAD + MINIS","INDIVIDUAL","COLA",2022-03-01,5651773874.42,64138280.26,304040441.5,88.119,18.589,168.95,69.72
"301","TOTAL MEXICO TRAD + MINIS","INDIVIDUAL","COLA",2022-04-01,5984490094.77,67572052.99,315279414.7,88.565,18.982,177.312,69.99
"302","TOTAL MEXICO TRAD + MINIS","INDIVIDUAL","COLA",2022-05-01,6547180118.98,73852754.49,343707675.6,88.652,19.049,192.563,70.43
"303","TOTAL MEXICO TRAD + MINIS","INDIVIDUAL","COLA",2022-06-01,6154484999.7,68129250.15,319595339.6,90.335,19.257,175.9,70.59
"304","TOTAL MEXICO TRAD + MINIS","INDIVIDUAL","COLA",2022-07-01,6571531395.96,72310441.31,333057133.6,90.879,19.731,184.809,71.31
"305","TOTAL MEXICO TRAD + MINIS","INDIVIDUAL","COLA",2022-08-01,6467260954.47,70605874.8,325244499.3,91.597,19.884,180.581,71.26
"306","TOTAL MEXICO TRAD + MINIS","INDIVIDUAL","COLA",2022-09-01,6217477606.79,67427952.25,309948485.7,92.209,20.06,170.253,72.18
"307","TOTAL MEXICO TRAD + MINIS","INDIVIDUAL","COLA",2022-10-01,6302358802.06,67993393.36,313980187.9,92.691,20.072,170.866,72.52
"308","TOTAL MEXICO TRAD + MINIS","INDIVIDUAL","COLA",2022-11-01,5982257808.05,64201594.01,298380630.7,93.179,20.049,161.091,72.64
"309","TOTAL MEXICO TRAD + MINIS","INDIVIDUAL","COLA",2022-12-01,6091527004.97,64120351.03,296803278.1,95.001,20.524,160.613,72.57
"310","TOTAL MEXICO TRAD + MINIS","INDIVIDUAL","COLA",2023-01-01,6040600059.95,64053520.45,283738489.2,94.306,21.289,160.443,72.57
"311","TOTAL MEXICO TRAD + MINIS","INDIVIDUAL","COLA",2023-02-01,5487431292.41,57517784.69,262252560.6,95.404,20.924,143.857,72.67
"312","TOTAL MEXICO TRAD + MINIS","INDIVIDUAL","COLA",2023-03-01,6174454607.12,64210136.68,294729798.5,96.16,20.95,163.277,71.43
"313","TOTAL MEXICO TRAD + MINIS","INDIVIDUAL","COLA",2023-04-01,6482939677.84,67382498.03,304994580,96.211,21.256,168.171,72.78
"314","TOTAL MEXICO TRAD + MINIS","INDIVIDUAL","COLA",2023-05-01,6720422303.82,69478611.38,313634112.4,96.726,21.428,172.64,73.1
"315","TOTAL MEXICO TRAD + MINIS","INDIVIDUAL","COLA",2023-06-01,6852595867.49,70192938.33,319933224.7,97.625,21.419,173.115,73.65
"316","TOTAL MEXICO TRAD + MINIS","INDIVIDUAL","COLA",2023-07-01,7054262778.09,72699830.43,324168314.1,97.033,21.761,178.741,73.74
"317","TOTAL MEXICO TRAD + MINIS","INDIVIDUAL","COLA",2023-08-01,6722470835.24,69666239.31,306751989.4,96.495,21.915,172.686,73.14
"318","TOTAL MEXICO TRAD + MINIS","INDIVIDUAL","COLA",2023-09-01,6675583564.88,68873180.92,306953048.1,96.926,21.748,170.777,73.11
"319","TOTAL MEXICO TRAD + MINIS","INDIVIDUAL","COLA",2023-10-01,6855466546.4,70177493.03,314692584.5,97.688,21.785,171.002,74.4
"320","TOTAL MEXICO TRAD + MINIS","INDIVIDUAL","COLA",2023-11-01,6409040881.04,65087838.39,293895501,98.468,21.807,159.253,73.89
"321","TOTAL MEXICO TRAD + MINIS","INDIVIDUAL","COLA",2023-12-01,6270738723.34,62898491.6,280624023.2,99.696,22.346,153.394,74.13
"322","TOTAL MEXICO TRAD + MINIS","INDIVIDUAL","COLA",2024-01-01,6311293630.16,63751523.4,275867067.6,98.998,22.878,155.177,74.27
"323","TOTAL MEXICO TRAD + MINIS","INDIVIDUAL","COLA",2024-02-01,6189514926.21,61512570.9,275185018.7,100.622,22.492,150.301,73.99
"324","TOTAL MEXICO TRAD + MINIS","INDIVIDUAL","COLA",2024-03-01,7420115217.8,73384124.81,329069034.8,101.113,22.549,178.32,74.19
"325","TOTAL MEXICO TRAD + MINIS","INDIVIDUAL","COLA",2024-04-01,7545903281.52,74838336.16,329219826.3,100.829,22.921,181.563,74.31
"326","TOTAL MEXICO TRAD + MINIS","INDIVIDUAL","COLA",2024-05-01,8262979637.57,81861773.86,360306823,100.938,22.933,198.164,74.47
"327","TOTAL MEXICO TRAD + MINIS","INDIVIDUAL","COLA",2024-06-01,8266620667.24,81699641.13,357942448.3,101.183,23.095,197.48,74.58
"328","TOTAL MEXICO TRAD + MINIS","INDIVIDUAL","COLA",2024-07-01,8033594355.74,79517996.96,341846135.6,101.029,23.501,191.978,74.56
"329","TOTAL MEXICO TRAD + MINIS","INDIVIDUAL","COLA",2024-08-01,8083125512.59,79890773.15,342796062.3,101.177,23.58,192.653,74.65
"330","TOTAL MEXICO TRAD + MINIS","INDIVIDUAL","COLA",2024-09-01,7744180556.15,76207660.92,328853465.6,101.619,23.549,185.034,74.14
"331","TOTAL MEXICO TRAD + MINIS","INDIVIDUAL","COLA",2024-10-01,7736603609.57,74655758.35,326247289.8,103.63,23.714,179.989,74.66
"332","TOTAL MEXICO TRAD + MINIS","INDIVIDUAL","COLA",2024-11-01,7661190110.29,73446304.47,323246416.2,104.31,23.701,177.631,74.3
"333","TOTAL MEXICO TRAD + MINIS","INDIVIDUAL","COLA",2024-12-01,7451244883.79,71374253.03,312756783,104.397,23.824,171.439,74.82
"334","TOTAL MEXICO TRAD + MINIS","INDIVIDUAL","Sabores",2021-12-01,1817756486.401,22613333.781,104252989.142,59.5252637362637,10.4602967032967,1.33096703296703,11.2772089923077
"335","TOTAL MEXICO TRAD + MINIS","INDIVIDUAL","Sabores",2022-01-01,1966530326.796,24923229.993,108964607.049,63.5887252747253,10.971032967033,1.42563736263736,11.2233771912088
"336","TOTAL MEXICO TRAD + MINIS","INDIVIDUAL","Sabores",2022-02-01,1671976949.266,20769003.019,95332459.798,67.4856593406593,10.9327362637363,1.25375824175824,11.1809931505495
"337","TOTAL MEXICO TRAD + MINIS","INDIVIDUAL","Sabores",2022-03-01,2063275309.52,24942004.659,118104750.973,73.9590549450549,11.2343406593407,1.45023076923077,11.8117913846154
"338","TOTAL MEXICO TRAD + MINIS","INDIVIDUAL","Sabores",2022-04-01,2297453720.971,27337748.668,130034884.47,74.6597252747253,11.6685934065934,1.58902197802198,11.9596946637363
"339","TOTAL MEXICO TRAD + MINIS","INDIVIDUAL","Sabores",2022-05-01,2635228951.903,30969151.949,148589910.657,73.5203406593407,11.6954285714286,1.73169230769231,12.2084268153846
"340","TOTAL MEXICO TRAD + MINIS","INDIVIDUAL","Sabores",2022-06-01,2350815210.622,27313956.474,130920175.696,78.2667472527473,11.820956043956,1.52603296703297,12.1320032230769
"341","TOTAL MEXICO TRAD + MINIS","INDIVIDUAL","Sabores",2022-07-01,2474128447.201,28575601.837,136234891.503,85.5088131868132,12.6531868131868,1.61438461538462,12.1780232252747
"342","TOTAL MEXICO TRAD + MINIS","INDIVIDUAL","Sabores",2022-08-01,2399504648.904,27728931.908,130456807.4,73.5994175824176,11.9737582417582,1.5687032967033,12.2973935417582
"343","TOTAL MEXICO TRAD + MINIS","INDIVIDUAL","Sabores",2022-09-01,2277249287.633,26200179.685,123708953.62,79.1208791208791,12.1492637362637,1.41848351648352,12.4796256428571
"344","TOTAL MEXICO TRAD + MINIS","INDIVIDUAL","Sabores",2022-10-01,2235942848.742,25528299.263,122113935.563,78.5859120879121,12.0783186813187,1.42773626373626,12.5989113153846
"345","TOTAL MEXICO TRAD + MINIS","INDIVIDUAL","Sabores",2022-11-01,2143701555.283,24382359.417,117620587.666,75.4446923076923,11.8173186813187,1.34535164835165,12.5639093527473
"346","TOTAL MEXICO TRAD + MINIS","INDIVIDUAL","Sabores",2022-12-01,2197796295.458,24814534.962,117617503.749,82.0796813186813,12.351978021978,1.35005494505495,12.6537786428571
"347","TOTAL MEXICO TRAD + MINIS","INDIVIDUAL","Sabores",2023-01-01,2280748270.891,26113252.562,116036909.708,75.162978021978,12.3290769230769,1.393,12.4996465417582
"348","TOTAL MEXICO TRAD + MINIS","INDIVIDUAL","Sabores",2023-02-01,1951393035.716,21693506.808,102311165.404,84.4852967032967,12.8225384615385,1.22591208791209,12.6574593021978
"349","TOTAL MEXICO TRAD + MINIS","INDIVIDUAL","Sabores",2023-03-01,2268275188.102,24662659.21,118857476.597,83.2923736263736,12.6512417582418,1.34424175824176,12.8831881175824
"350","TOTAL MEXICO TRAD + MINIS","INDIVIDUAL","Sabores",2023-04-01,2462615544.98,26816253.22,127560797.488,83.2230659340659,12.9963186813187,1.43285714285714,13.0935453516484
"351","TOTAL MEXICO TRAD + MINIS","INDIVIDUAL","Sabores",2023-05-01,2614388545.178,28274592.177,134458746.236,78.320956043956,12.566967032967,1.47194505494506,13.1940556527473
"352","TOTAL MEXICO TRAD + MINIS","INDIVIDUAL","Sabores",2023-06-01,2799734277.359,29855306.079,143535624.786,94.2845934065934,13.1116043956044,1.48013186813187,13.5005338725275
"353","TOTAL MEXICO TRAD + MINIS","INDIVIDUAL","Sabores",2023-07-01,2723313659.025,29316597.597,136192031.284,83.338043956044,13.0408021978022,1.45945054945055,13.2948498076923
"354","TOTAL MEXICO TRAD + MINIS","INDIVIDUAL","Sabores",2023-08-01,2412706958.38,25871666.476,119641042.889,85.9196153846154,13.4794945054945,1.33856043956044,12.8204665252747
"355","TOTAL MEXICO TRAD + MINIS","INDIVIDUAL","Sabores",2023-09-01,2416492306.12,25876646.028,120128961.883,81.2935714285714,13.3128681318681,1.29514285714286,12.8584703978022
"356","TOTAL MEXICO TRAD + MINIS","INDIVIDUAL","Sabores",2023-10-01,2405115460.305,25555873.52,119504246.064,81.0108791208791,13.2362307692308,1.28452747252747,13.2087025252747
"357","TOTAL MEXICO TRAD + MINIS","INDIVIDUAL","Sabores",2023-11-01,2188616726.721,23133809.287,108917138.421,104.88289010989,14.6738681318681,1.19947252747253,13.1331072505495
"358","TOTAL MEXICO TRAD + MINIS","INDIVIDUAL","Sabores",2023-12-01,2147376278.026,22836429.048,104258853.087,103.054054945055,14.9113846153846,1.1709010989011,13.1310571384615
"359","TOTAL MEXICO TRAD + MINIS","INDIVIDUAL","Sabores",2024-01-01,2266721790.668,24286502.264,107544099.906,97.081989010989,14.1051648351648,1.23354945054945,13.1416941054945
"360","TOTAL MEXICO TRAD + MINIS","INDIVIDUAL","Sabores",2024-02-01,2129500178.751,22071978.43,103997314.888,95.5825604395604,14.4968461538462,1.16231868131868,13.449455510989
"361","TOTAL MEXICO TRAD + MINIS","INDIVIDUAL","Sabores",2024-03-01,2756151123.29,28148506.424,134391800.962,102.346549450549,14.5661978021978,1.41842857142857,13.3852877373626
"362","TOTAL MEXICO TRAD + MINIS","INDIVIDUAL","Sabores",2024-04-01,2873009637.816,29423830.878,137390764.421,103.538483516484,14.6266813186813,1.45710989010989,13.5036542351648
"363","TOTAL MEXICO TRAD + MINIS","INDIVIDUAL","Sabores",2024-05-01,3324928262.102,33632394.543,158959072.931,98.7704395604396,14.6299450549451,1.70143956043956,13.6504164692308
"364","TOTAL MEXICO TRAD + MINIS","INDIVIDUAL","Sabores",2024-06-01,3283307352.672,33110702.947,155735157.484,105.948230769231,14.916043956044,1.61412087912088,13.7798171681319
"365","TOTAL MEXICO TRAD + MINIS","INDIVIDUAL","Sabores",2024-07-01,2778975043.316,28376151.102,129963815.044,100.725076923077,14.9227252747253,1.49232967032967,13.1557726252747
"366","TOTAL MEXICO TRAD + MINIS","INDIVIDUAL","Sabores",2024-08-01,2767887789.829,28038653.622,129279408.156,104.545461538462,14.3917362637363,1.3798021978022,13.5331827769231
"367","TOTAL MEXICO TRAD + MINIS","INDIVIDUAL","Sabores",2024-09-01,2716284964.939,27481925.742,126445649.389,105.245714285714,14.4989230769231,1.38592307692308,13.4260101153846
"368","TOTAL MEXICO TRAD + MINIS","INDIVIDUAL","Sabores",2024-10-01,2566042504.969,25554761.223,119417032.146,120.749835164835,18.2673406593407,1.29005494505495,13.5572466230769
"369","TOTAL MEXICO TRAD + MINIS","INDIVIDUAL","Sabores",2024-11-01,2579217129.557,25549797.675,120142793.929,115.528879120879,15.4851428571429,1.32335164835165,13.5052868989011
"370","TOTAL MEXICO TRAD + MINIS","INDIVIDUAL","Sabores",2024-12-01,2555282602.207,25446781.24,117684744.493,127.775032967033,18.748989010989,1.28074725274725,13.4785641923077
"371","TOTAL MEXICO TRAD + MINIS","MULTI-PACK","COLA",2021-12-01,530111.387,6617.51,18783.802,80.107,28.222,4.032,0.3013928
"372","TOTAL MEXICO TRAD + MINIS","MULTI-PACK","COLA",2022-01-01,419764.263,5333.024,15137.788,78.71,27.73,3.92,0.2498412
"373","TOTAL MEXICO TRAD + MINIS","MULTI-PACK","COLA",2022-02-01,566807.359,7109.831,20181.256,79.722,28.086,4.424,0.295127
"374","TOTAL MEXICO TRAD + MINIS","MULTI-PACK","COLA",2022-03-01,575283.574,7138.554,20363.444,80.588,28.251,3.741,0.3504278
"375","TOTAL MEXICO TRAD + MINIS","MULTI-PACK","COLA",2022-04-01,512222.627,6376.491,18110.808,80.33,28.283,4.214,0.2778924
"376","TOTAL MEXICO TRAD + MINIS","MULTI-PACK","COLA",2022-05-01,151183.012,1732.057,4929.821,87.285,30.667,1.449,0.2194727
"377","TOTAL MEXICO TRAD + MINIS","MULTI-PACK","COLA",2022-06-01,276831.277,3169.69,9060.174,87.337,30.555,2.447,0.2360906
"378","TOTAL MEXICO TRAD + MINIS","MULTI-PACK","COLA",2022-07-01,59474.609,705.975,2194.361,84.245,27.103,0.603,0.2132664
"379","TOTAL MEXICO TRAD + MINIS","MULTI-PACK","COLA",2022-08-01,58526.968,729.567,2191.004,80.222,26.712,0.77,0.1727625
"380","TOTAL MEXICO TRAD + MINIS","MULTI-PACK","COLA",2022-09-01,205680.012,2489.533,7388.923,82.618,27.836,1.405,0.3229023
"381","TOTAL MEXICO TRAD + MINIS","MULTI-PACK","COLA",2022-10-01,575457.822,6577.446,22186.315,87.49,25.938,3.247,0.3691905
"382","TOTAL MEXICO TRAD + MINIS","MULTI-PACK","COLA",2022-11-01,496826.154,6203.555,21717.625,80.087,22.877,3.293,0.3433272
"383","TOTAL MEXICO TRAD + MINIS","MULTI-PACK","COLA",2022-12-01,791773.599,9672.088,31749.4,81.862,24.938,4.067,0.4323019
"384","TOTAL MEXICO TRAD + MINIS","MULTI-PACK","COLA",2023-01-01,943413.303,13165.451,38595.801,71.658,24.443,6.629,0.3610095
"385","TOTAL MEXICO TRAD + MINIS","MULTI-PACK","COLA",2023-02-01,346057.542,5661.953,14992.282,61.12,23.082,6.198,0.1660562
"386","TOTAL MEXICO TRAD + MINIS","MULTI-PACK","COLA",2023-03-01,309055.703,3826.378,12670.116,80.77,24.392,2.014,0.3451535
"387","TOTAL MEXICO TRAD + MINIS","MULTI-PACK","COLA",2023-04-01,356704.209,4088.265,13665.783,87.251,26.102,2.462,0.3016151
"388","TOTAL MEXICO TRAD + MINIS","MULTI-PACK","COLA",2023-05-01,481627.1,5889.609,20791.162,81.776,23.165,5.075,0.2107812
"389","TOTAL MEXICO TRAD + MINIS","MULTI-PACK","COLA",2023-06-01,43022.537,711.237,2494.731,60.49,17.245,0.617,0.209235
"390","TOTAL MEXICO TRAD + MINIS","MULTI-PACK","COLA",2023-07-01,134045.776,2085.67,7130.096,64.27,18.8,1.585,0.2385377
"391","TOTAL MEXICO TRAD + MINIS","MULTI-PACK","COLA",2023-08-01,114849.561,1745.636,5850.104,65.792,19.632,1.066,0.296979
"392","TOTAL MEXICO TRAD + MINIS","MULTI-PACK","COLA",2023-09-01,94861.232,1477.77,4940.025,64.192,19.203,0.791,0.3385378
"393","TOTAL MEXICO TRAD + MINIS","MULTI-PACK","COLA",2023-10-01,22316.85,715.85,2066.363,31.175,10.8,1.854,0.0699827
"394","TOTAL MEXICO TRAD + MINIS","MULTI-PACK","COLA",2023-11-01,136024.565,1902.207,6482.59,71.509,20.983,1.575,0.2182998
"395","TOTAL MEXICO TRAD + MINIS","MULTI-PACK","COLA",2023-12-01,287340.821,3900.004,13635.05,73.677,21.074,2.054,0.3432275
"396","TOTAL MEXICO TRAD + MINIS","MULTI-PACK","COLA",2024-01-01,592374.608,8433.727,28221.771,70.239,20.99,3.192,0.477627
"397","TOTAL MEXICO TRAD + MINIS","MULTI-PACK","COLA",2024-02-01,351032.741,3195.577,14324.747,109.85,24.505,1.332,0.4337722
"398","TOTAL MEXICO TRAD + MINIS","MULTI-PACK","COLA",2024-03-01,82916.66,1041.36,3864.414,79.623,21.456,0.831,0.2259507
"399","TOTAL MEXICO TRAD + MINIS","MULTI-PACK","COLA",2024-04-01,33429.939,467.785,1605.709,71.464,20.819,0.367,0.2299347
"400","TOTAL MEXICO TRAD + MINIS","MULTI-PACK","COLA",2024-05-01,80711.083,1044.868,3758.156,77.245,21.476,1.434,0.1313393
"401","TOTAL MEXICO TRAD + MINIS","MULTI-PACK","COLA",2024-06-01,51114.187,625.917,2329.75,81.663,21.94,0.883,0.127721
"402","TOTAL MEXICO TRAD + MINIS","MULTI-PACK","COLA",2024-07-01,72409.11,1344.229,4153.389,53.867,17.434,1.175,0.205938
"403","TOTAL MEXICO TRAD + MINIS","MULTI-PACK","COLA",2024-08-01,78039.766,1238.163,3704.807,63.029,21.064,2.115,0.1054034
"404","TOTAL MEXICO TRAD + MINIS","MULTI-PACK","COLA",2024-09-01,83084.292,1489.149,4614.817,55.793,18.004,0.982,0.2730381
"405","TOTAL MEXICO TRAD + MINIS","MULTI-PACK","COLA",2024-10-01,189846.179,2928.672,9025.261,64.823,21.035,2.551,0.2066802
"406","TOTAL MEXICO TRAD + MINIS","MULTI-PACK","COLA",2024-11-01,136056.018,1985.476,6193.289,68.526,21.968,1.365,0.2614109
"407","TOTAL MEXICO TRAD + MINIS","MULTI-PACK","COLA",2024-12-01,68156.223,898.695,2823.382,75.839,24.14,0.692,0.23348
"408","TOTAL MEXICO TRAD + MINIS","MULTI-PACK","Sabores",2021-12-01,6014.846,86.491,245.504,11.5905,4.08333333333333,0.0608333333333333,0.00725866666666667
"409","TOTAL MEXICO TRAD + MINIS","MULTI-PACK","Sabores",2022-01-01,0,0,0,0,0,0,0
"410","TOTAL MEXICO TRAD + MINIS","MULTI-PACK","Sabores",2022-02-01,0,0,0,0,0,0,0
"411","TOTAL MEXICO TRAD + MINIS","MULTI-PACK","Sabores",2022-03-01,6683.78,106.643,345.951,10.4456666666667,3.22,0.0966666666666667,0.00562726666666667
"412","TOTAL MEXICO TRAD + MINIS","MULTI-PACK","Sabores",2022-04-01,2254.658,27.471,89.117,13.679,4.21666666666667,0.039,0.00358991666666667
"413","TOTAL MEXICO TRAD + MINIS","MULTI-PACK","Sabores",2022-05-01,2067.59,32.99,107.018,10.4455,3.22,0.22,0.0007652
"414","TOTAL MEXICO TRAD + MINIS","MULTI-PACK","Sabores",2022-06-01,5683.026,86.472,280.516,22.4315,6.91466666666667,0.0818333333333333,0.0136667833333333
"415","TOTAL MEXICO TRAD + MINIS","MULTI-PACK","Sabores",2022-07-01,17202.902,215.357,765.645,27.1848333333333,7.46566666666667,0.061,0.03206285
"416","TOTAL MEXICO TRAD + MINIS","MULTI-PACK","Sabores",2022-08-01,42827.451,595.7,1811.02,50.9643333333333,15.4185,0.405333333333333,0.0251979
"417","TOTAL MEXICO TRAD + MINIS","MULTI-PACK","Sabores",2022-09-01,80380.453,1116.372,3491.206,48.951,14.694,0.508,0.0659138833333333
"418","TOTAL MEXICO TRAD + MINIS","MULTI-PACK","Sabores",2022-10-01,360020.391,4579.649,16515.57,46.4498333333333,13.0213333333333,0.896,0.0850131166666667
"419","TOTAL MEXICO TRAD + MINIS","MULTI-PACK","Sabores",2022-11-01,471967.889,6203.554,21717.625,48.3098333333333,14.4941666666667,1.07183333333333,0.0996205333333333
"420","TOTAL MEXICO TRAD + MINIS","MULTI-PACK","Sabores",2022-12-01,591458.511,7972.418,26887.445,48.3625,16.1903333333333,2.65566666666667,0.0904083833333333
"421","TOTAL MEXICO TRAD + MINIS","MULTI-PACK","Sabores",2023-01-01,740805.035,11358.45,33326.222,43.8423333333333,14.9966666666667,9.59233333333333,0.0733583
"422","TOTAL MEXICO TRAD + MINIS","MULTI-PACK","Sabores",2023-02-01,338903.951,5661.952,14992.282,43.6575,15.0125,6.64566666666667,0.05729175
"423","TOTAL MEXICO TRAD + MINIS","MULTI-PACK","Sabores",2023-03-01,244617.207,3247.758,11027.7,44.1015,15.4706666666667,0.9445,0.0934965666666667
"424","TOTAL MEXICO TRAD + MINIS","MULTI-PACK","Sabores",2023-04-01,219053.479,2876.759,10226.925,37.6928333333333,10.5893333333333,0.6245,0.07025235
"425","TOTAL MEXICO TRAD + MINIS","MULTI-PACK","Sabores",2023-05-01,450749.626,5889.609,20791.163,48.3273333333333,16.1658333333333,1.37466666666667,0.0686072
"426","TOTAL MEXICO TRAD + MINIS","MULTI-PACK","Sabores",2023-06-01,43581.775,711.237,2494.732,36.4733333333333,10.6228333333333,0.3175,0.0432930333333333
"427","TOTAL MEXICO TRAD + MINIS","MULTI-PACK","Sabores",2023-07-01,138093.737,2085.669,7130.096,40.976,11.7743333333333,0.540833333333333,0.0572615
"428","TOTAL MEXICO TRAD + MINIS","MULTI-PACK","Sabores",2023-08-01,119264.351,1745.635,5850.104,39.8388333333333,11.5273333333333,0.404166666666667,0.0744448333333333
"429","TOTAL MEXICO TRAD + MINIS","MULTI-PACK","Sabores",2023-09-01,93190.27,1477.77,4940.025,51.938,15.7401666666667,0.699166666666667,0.0680821833333333
"430","TOTAL MEXICO TRAD + MINIS","MULTI-PACK","Sabores",2023-10-01,21243.642,715.85,2066.363,20.4351666666667,5.9815,1.2015,0.0129788333333333
"431","TOTAL MEXICO TRAD + MINIS","MULTI-PACK","Sabores",2023-11-01,130954.925,1902.207,6482.59,45.9151666666667,13.2015,0.878166666666667,0.0543124
"432","TOTAL MEXICO TRAD + MINIS","MULTI-PACK","Sabores",2023-12-01,283507.092,3900.004,13635.049,41.9561666666667,12.0523333333333,0.77,0.0913278
"433","TOTAL MEXICO TRAD + MINIS","MULTI-PACK","Sabores",2024-01-01,477278.966,7569.121,25765.493,46.7645,15.9333333333333,1.41783333333333,0.0936080166666667
"434","TOTAL MEXICO TRAD + MINIS","MULTI-PACK","Sabores",2024-02-01,342398.287,3195.577,22000.299,56.6783333333333,10.851,0.5875,0.1039625
"435","TOTAL MEXICO TRAD + MINIS","MULTI-PACK","Sabores",2024-03-01,79977.113,1041.36,4395.364,37.6913333333333,9.03983333333333,0.262333333333333,0.0598080666666667
"436","TOTAL MEXICO TRAD + MINIS","MULTI-PACK","Sabores",2024-04-01,32264.399,467.785,1605.709,42.8043333333333,12.2871666666667,0.197333333333333,0.0444217333333333
"437","TOTAL MEXICO TRAD + MINIS","MULTI-PACK","Sabores",2024-05-01,76325.606,1044.869,3758.155,32.3338333333333,9.18316666666667,0.5505,0.0339006166666667
"438","TOTAL MEXICO TRAD + MINIS","MULTI-PACK","Sabores",2024-06-01,47993.353,625.917,2329.75,23.4475,6.2705,0.174666666666667,0.0323026833333333
"439","TOTAL MEXICO TRAD + MINIS","MULTI-PACK","Sabores",2024-07-01,73491.823,1344.228,4153.39,32.0003333333333,9.93866666666667,0.680833333333333,0.0385011
"440","TOTAL MEXICO TRAD + MINIS","MULTI-PACK","Sabores",2024-08-01,77621.551,1238.163,3704.807,48.3393333333333,14.6718333333333,1.26983333333333,0.0186872833333333
"441","TOTAL MEXICO TRAD + MINIS","MULTI-PACK","Sabores",2024-09-01,82409.444,1489.15,4614.817,44.8435,13.0638333333333,1.26816666666667,0.0485643666666667
"442","TOTAL MEXICO TRAD + MINIS","MULTI-PACK","Sabores",2024-10-01,174108.722,2835.011,8759.404,32.4873333333333,10.2025,1.233,0.0421972166666667
"443","TOTAL MEXICO TRAD + MINIS","MULTI-PACK","Sabores",2024-11-01,138700.326,1985.476,6193.289,41.8638333333333,12.8925,0.79,0.0435684666666667
"444","TOTAL MEXICO TRAD + MINIS","MULTI-PACK","Sabores",2024-12-01,68249.433,898.695,2823.381,59.7456666666667,19.7555,0.320166666666667,0.0444542666666667
"445","TOTAL MEXICO TRAD + MINIS","MULTI-PACK CRUZADO","COLA",2021-12-01,0,0,0,0,0,0,0
"446","TOTAL MEXICO TRAD + MINIS","MULTI-PACK CRUZADO","COLA",2022-01-01,0,0,0,0,0,0,0
"447","TOTAL MEXICO TRAD + MINIS","MULTI-PACK CRUZADO","COLA",2022-02-01,0,0,0,0,0,0,0
"448","TOTAL MEXICO TRAD + MINIS","MULTI-PACK CRUZADO","COLA",2022-03-01,0,0,0,0,0,0,0
"449","TOTAL MEXICO TRAD + MINIS","MULTI-PACK CRUZADO","COLA",2022-04-01,0,0,0,0,0,0,0
"450","TOTAL MEXICO TRAD + MINIS","MULTI-PACK CRUZADO","COLA",2022-05-01,0,0,0,0,0,0,0
"451","TOTAL MEXICO TRAD + MINIS","MULTI-PACK CRUZADO","COLA",2022-06-01,0,0,0,0,0,0,0
"452","TOTAL MEXICO TRAD + MINIS","MULTI-PACK CRUZADO","COLA",2022-07-01,0,0,0,0,0,0,0
"453","TOTAL MEXICO TRAD + MINIS","MULTI-PACK CRUZADO","COLA",2022-08-01,0,0,0,0,0,0,0
"454","TOTAL MEXICO TRAD + MINIS","MULTI-PACK CRUZADO","COLA",2022-09-01,0,0,0,0,0,0,0
"455","TOTAL MEXICO TRAD + MINIS","MULTI-PACK CRUZADO","COLA",2022-10-01,0,0,0,0,0,0,0
"456","TOTAL MEXICO TRAD + MINIS","MULTI-PACK CRUZADO","COLA",2022-11-01,0,0,0,0,0,0,0
"457","TOTAL MEXICO TRAD + MINIS","MULTI-PACK CRUZADO","COLA",2022-12-01,0,0,0,0,0,0,0
"458","TOTAL MEXICO TRAD + MINIS","MULTI-PACK CRUZADO","COLA",2023-01-01,0,0,0,0,0,0,0
"459","TOTAL MEXICO TRAD + MINIS","MULTI-PACK CRUZADO","COLA",2023-02-01,0,0,0,0,0,0,0
"460","TOTAL MEXICO TRAD + MINIS","MULTI-PACK CRUZADO","COLA",2023-03-01,0,0,0,0,0,0,0
"461","TOTAL MEXICO TRAD + MINIS","MULTI-PACK CRUZADO","COLA",2023-04-01,0,0,0,0,0,0,0
"462","TOTAL MEXICO TRAD + MINIS","MULTI-PACK CRUZADO","COLA",2023-05-01,0,0,0,0,0,0,0
"463","TOTAL MEXICO TRAD + MINIS","MULTI-PACK CRUZADO","COLA",2023-06-01,0,0,0,0,0,0,0
"464","TOTAL MEXICO TRAD + MINIS","MULTI-PACK CRUZADO","COLA",2023-07-01,0,0,0,0,0,0,0
"465","TOTAL MEXICO TRAD + MINIS","MULTI-PACK CRUZADO","COLA",2023-08-01,0,0,0,0,0,0,0
"466","TOTAL MEXICO TRAD + MINIS","MULTI-PACK CRUZADO","COLA",2023-09-01,0,0,0,0,0,0,0
"467","TOTAL MEXICO TRAD + MINIS","MULTI-PACK CRUZADO","COLA",2023-10-01,0,0,0,0,0,0,0
"468","TOTAL MEXICO TRAD + MINIS","MULTI-PACK CRUZADO","COLA",2023-11-01,0,0,0,0,0,0,0
"469","TOTAL MEXICO TRAD + MINIS","MULTI-PACK CRUZADO","COLA",2023-12-01,0,0,0,0,0,0,0
"470","TOTAL MEXICO TRAD + MINIS","MULTI-PACK CRUZADO","COLA",2024-01-01,0,0,0,0,0,0,0
"471","TOTAL MEXICO TRAD + MINIS","MULTI-PACK CRUZADO","COLA",2024-02-01,0,0,0,0,0,0,0
"472","TOTAL MEXICO TRAD + MINIS","MULTI-PACK CRUZADO","COLA",2024-03-01,0,0,0,0,0,0,0
"473","TOTAL MEXICO TRAD + MINIS","MULTI-PACK CRUZADO","COLA",2024-04-01,0,0,0,0,0,0,0
"474","TOTAL MEXICO TRAD + MINIS","MULTI-PACK CRUZADO","COLA",2024-05-01,0,0,0,0,0,0,0
"475","TOTAL MEXICO TRAD + MINIS","MULTI-PACK CRUZADO","COLA",2024-06-01,158834.889,4347.887,12341.477,36.532,12.87,9.799,0.0799906
"476","TOTAL MEXICO TRAD + MINIS","MULTI-PACK CRUZADO","COLA",2024-07-01,0,0,0,0,0,0,0
"477","TOTAL MEXICO TRAD + MINIS","MULTI-PACK CRUZADO","COLA",2024-08-01,0,0,0,0,0,0,0
"478","TOTAL MEXICO TRAD + MINIS","MULTI-PACK CRUZADO","COLA",2024-09-01,0,0,0,0,0,0,0
"479","TOTAL MEXICO TRAD + MINIS","MULTI-PACK CRUZADO","COLA",2024-10-01,0,0,0,0,0,0,0
"480","TOTAL MEXICO TRAD + MINIS","MULTI-PACK CRUZADO","COLA",2024-11-01,0,0,0,0,0,0,0
"481","TOTAL MEXICO TRAD + MINIS","MULTI-PACK CRUZADO","COLA",2024-12-01,101552.145,154.406,621.677,657.696,163.352,0.615,0.0450854
"482","TOTAL MEXICO TRAD + MINIS","MULTI-PACK CRUZADO","Sabores",2021-12-01,111306.888,589.039,4615.556,77.3253333333333,12.093,0.152333333333333,0.2308358
"483","TOTAL MEXICO TRAD + MINIS","MULTI-PACK CRUZADO","Sabores",2022-01-01,0,0,0,0,0,0,0
"484","TOTAL MEXICO TRAD + MINIS","MULTI-PACK CRUZADO","Sabores",2022-02-01,0,0,0,0,0,0,0
"485","TOTAL MEXICO TRAD + MINIS","MULTI-PACK CRUZADO","Sabores",2022-03-01,2468.119,73.192,277.006,22.481,5.94,0.366666666666667,0.00814953333333333
"486","TOTAL MEXICO TRAD + MINIS","MULTI-PACK CRUZADO","Sabores",2022-04-01,1462.816,43.38,164.176,22.4806666666667,5.94,0.217333333333333,0.00814953333333333
"487","TOTAL MEXICO TRAD + MINIS","MULTI-PACK CRUZADO","Sabores",2022-05-01,0,0,0,0,0,0,0
"488","TOTAL MEXICO TRAD + MINIS","MULTI-PACK CRUZADO","Sabores",2022-06-01,11329.068,288.364,1016.844,25.0473333333333,7.01266666666667,0.722333333333333,0.0171753666666667
"489","TOTAL MEXICO TRAD + MINIS","MULTI-PACK CRUZADO","Sabores",2022-07-01,0,0,0,0,0,0,0
"490","TOTAL MEXICO TRAD + MINIS","MULTI-PACK CRUZADO","Sabores",2022-08-01,1772.665,47.312,179.058,24.9783333333333,6.6,0.164,0.0116898
"491","TOTAL MEXICO TRAD + MINIS","MULTI-PACK CRUZADO","Sabores",2022-09-01,1051.261,31.174,117.986,22.4816666666667,5.94,0.152,0.00831913333333333
"492","TOTAL MEXICO TRAD + MINIS","MULTI-PACK CRUZADO","Sabores",2022-10-01,2881.426,80.95,306.372,23.7303333333333,6.27,0.390666666666667,0.00839333333333333
"493","TOTAL MEXICO TRAD + MINIS","MULTI-PACK CRUZADO","Sabores",2022-11-01,0,0,0,0,0,0,0
"494","TOTAL MEXICO TRAD + MINIS","MULTI-PACK CRUZADO","Sabores",2022-12-01,0,0,0,0,0,0,0
"495","TOTAL MEXICO TRAD + MINIS","MULTI-PACK CRUZADO","Sabores",2023-01-01,0,0,0,0,0,0,0
"496","TOTAL MEXICO TRAD + MINIS","MULTI-PACK CRUZADO","Sabores",2023-02-01,0,0,0,0,0,0,0
"497","TOTAL MEXICO TRAD + MINIS","MULTI-PACK CRUZADO","Sabores",2023-03-01,2704.688,71.92,272.196,25.0713333333333,6.62433333333333,0.148,0.0195771333333333
"498","TOTAL MEXICO TRAD + MINIS","MULTI-PACK CRUZADO","Sabores",2023-04-01,0,0,0,0,0,0,0
"499","TOTAL MEXICO TRAD + MINIS","MULTI-PACK CRUZADO","Sabores",2023-05-01,0,0,0,0,0,0,0
"500","TOTAL MEXICO TRAD + MINIS","MULTI-PACK CRUZADO","Sabores",2023-06-01,0,0,0,0,0,0,0
"501","TOTAL MEXICO TRAD + MINIS","MULTI-PACK CRUZADO","Sabores",2023-07-01,0,0,0,0,0,0,0
"502","TOTAL MEXICO TRAD + MINIS","MULTI-PACK CRUZADO","Sabores",2023-08-01,1746.405,49.062,185.682,23.7303333333333,6.27,0.181333333333333,0.0109155333333333
"503","TOTAL MEXICO TRAD + MINIS","MULTI-PACK CRUZADO","Sabores",2023-09-01,0,0,0,0,0,0,0
"504","TOTAL MEXICO TRAD + MINIS","MULTI-PACK CRUZADO","Sabores",2023-10-01,0,0,0,0,0,0,0
"505","TOTAL MEXICO TRAD + MINIS","MULTI-PACK CRUZADO","Sabores",2023-11-01,10407.765,231.484,876.09,29.974,7.92,0.165333333333333,0.0561726666666667
"506","TOTAL MEXICO TRAD + MINIS","MULTI-PACK CRUZADO","Sabores",2023-12-01,30698.413,684.2,2589.47,29.9116666666667,7.90333333333333,0.443333333333333,0.0620146666666667
"507","TOTAL MEXICO TRAD + MINIS","MULTI-PACK CRUZADO","Sabores",2024-01-01,18561.714,419.344,1587.074,29.5093333333333,7.797,0.232,0.0726168666666667
"508","TOTAL MEXICO TRAD + MINIS","MULTI-PACK CRUZADO","Sabores",2024-02-01,28492.775,610.294,2309.756,31.1246666666667,8.22366666666667,0.395333333333333,0.0620146666666667
"509","TOTAL MEXICO TRAD + MINIS","MULTI-PACK CRUZADO","Sabores",2024-03-01,23192.429,497.776,1883.912,31.0613333333333,8.207,0.321333333333333,0.0620413333333333
"510","TOTAL MEXICO TRAD + MINIS","MULTI-PACK CRUZADO","Sabores",2024-04-01,0,0,0,0,0,0,0
"511","TOTAL MEXICO TRAD + MINIS","MULTI-PACK CRUZADO","Sabores",2024-05-01,3937.901,95.546,361.608,27.4763333333333,7.26,0.656666666666667,0.0058278
"512","TOTAL MEXICO TRAD + MINIS","MULTI-PACK CRUZADO","Sabores",2024-06-01,26079.853,250.579,790.299,34.6926666666667,11,0.154333333333333,0.0325403
"513","TOTAL MEXICO TRAD + MINIS","MULTI-PACK CRUZADO","Sabores",2024-07-01,0,0,0,0,0,0,0
"514","TOTAL MEXICO TRAD + MINIS","MULTI-PACK CRUZADO","Sabores",2024-08-01,0,0,0,0,0,0,0
"515","TOTAL MEXICO TRAD + MINIS","MULTI-PACK CRUZADO","Sabores",2024-09-01,46872.624,462.866,1472.891,47.8163333333333,14.393,0.332666666666667,0.0375549333333333
"516","TOTAL MEXICO TRAD + MINIS","MULTI-PACK CRUZADO","Sabores",2024-10-01,6558.434,79.824,265.253,43.121,12.6726666666667,0.186333333333333,0.0151826666666667
"517","TOTAL MEXICO TRAD + MINIS","MULTI-PACK CRUZADO","Sabores",2024-11-01,863.082,20.94,79.252,27.478,7.26,0.141333333333333,0.0059096
"518","TOTAL MEXICO TRAD + MINIS","MULTI-PACK CRUZADO","Sabores",2024-12-01,27466.994,263.907,832.333,34.6926666666667,11,0.166,0.0317633
"519","TOTAL MEXICO TRAD + MINIS","PACK","COLA",2021-12-01,4515.518,93.041,202.703,48.533,22.277,0.32,0.0534345
"520","TOTAL MEXICO TRAD + MINIS","PACK","COLA",2022-01-01,56459.372,531.232,914.433,106.28,61.742,1.114,0.0875845
"521","TOTAL MEXICO TRAD + MINIS","PACK","COLA",2022-02-01,53031.104,336.014,524.764,157.824,101.057,0.606,0.1018242
"522","TOTAL MEXICO TRAD + MINIS","PACK","COLA",2022-03-01,70396.817,770.602,1466.516,91.353,48.003,0.535,0.2645409
"523","TOTAL MEXICO TRAD + MINIS","PACK","COLA",2022-04-01,37315.659,593.65,1102.727,62.858,33.839,0.374,0.2913435
"524","TOTAL MEXICO TRAD + MINIS","PACK","COLA",2022-05-01,5293.289,94.063,221.315,56.274,23.917,0.543,0.0318094
"525","TOTAL MEXICO TRAD + MINIS","PACK","COLA",2022-06-01,21679.801,311.717,638.582,69.55,33.95,0.534,0.1063322
"526","TOTAL MEXICO TRAD + MINIS","PACK","COLA",2022-07-01,51772.763,1530.082,3204.261,33.837,16.157,1.232,0.2264097
"527","TOTAL MEXICO TRAD + MINIS","PACK","COLA",2022-08-01,17720.938,575.986,780.208,30.766,22.713,0.802,0.1308857
"528","TOTAL MEXICO TRAD + MINIS","PACK","COLA",2022-09-01,6585.077,172.858,410.892,38.095,16.026,0.292,0.1080569
"529","TOTAL MEXICO TRAD + MINIS","PACK","COLA",2022-10-01,2442.738,65.248,156.293,37.438,15.629,0.339,0.0350698
"530","TOTAL MEXICO TRAD + MINIS","PACK","COLA",2022-11-01,17580.753,275.417,617.175,63.833,28.486,0.289,0.1734904
"531","TOTAL MEXICO TRAD + MINIS","PACK","COLA",2022-12-01,13385.965,231.992,507.623,57.7,26.37,0.303,0.1393195
"532","TOTAL MEXICO TRAD + MINIS","PACK","COLA",2023-01-01,1997.647,33.466,79.258,59.692,25.204,0.162,0.0376194
"533","TOTAL MEXICO TRAD + MINIS","PACK","COLA",2023-02-01,19847.004,366.265,875.886,54.188,22.659,0.369,0.1804758
"534","TOTAL MEXICO TRAD + MINIS","PACK","COLA",2023-03-01,15737.283,276.295,595.305,56.958,26.436,0.239,0.2097574
"535","TOTAL MEXICO TRAD + MINIS","PACK","COLA",2023-04-01,135298.379,1373.047,2806.299,98.539,48.212,1.643,0.151771
"536","TOTAL MEXICO TRAD + MINIS","PACK","COLA",2023-05-01,446337.439,4514.739,9260.985,98.862,48.195,4.411,0.1858929
"537","TOTAL MEXICO TRAD + MINIS","PACK","COLA",2023-06-01,44335.782,773.549,1826.167,57.315,24.278,0.44,0.3190956
"538","TOTAL MEXICO TRAD + MINIS","PACK","COLA",2023-07-01,30561.912,604.237,1221.77,50.579,25.014,0.518,0.2114121
"539","TOTAL MEXICO TRAD + MINIS","PACK","COLA",2023-08-01,14717.147,289.378,656.314,50.858,22.424,0.384,0.1364876
"540","TOTAL MEXICO TRAD + MINIS","PACK","COLA",2023-09-01,40270.147,846.134,1623.696,47.593,24.802,1.33,0.1153159
"541","TOTAL MEXICO TRAD + MINIS","PACK","COLA",2023-10-01,72518.876,1375.178,2759.698,52.734,26.278,1.552,0.1606672
"542","TOTAL MEXICO TRAD + MINIS","PACK","COLA",2023-11-01,51097.788,1025.861,2073.241,49.81,24.646,0.954,0.194469
"543","TOTAL MEXICO TRAD + MINIS","PACK","COLA",2023-12-01,78935.018,1367.944,2798.578,57.703,28.205,0.903,0.2737527
"544","TOTAL MEXICO TRAD + MINIS","PACK","COLA",2024-01-01,117424.924,2254.509,4375.637,52.084,26.836,1.025,0.3976881
"545","TOTAL MEXICO TRAD + MINIS","PACK","COLA",2024-02-01,775547.89,15778.768,37452.807,49.151,20.707,5.104,0.5588638
"546","TOTAL MEXICO TRAD + MINIS","PACK","COLA",2024-03-01,1252198.45,34387.978,85164.47,36.414,14.703,19.218,0.3225808
"547","TOTAL MEXICO TRAD + MINIS","PACK","COLA",2024-04-01,2104459.302,28438.051,65318.94,74.002,32.218,9.62,0.532908
"548","TOTAL MEXICO TRAD + MINIS","PACK","COLA",2024-05-01,2551538.532,28058.906,62913.086,90.935,40.557,6.777,0.7463493
"549","TOTAL MEXICO TRAD + MINIS","PACK","COLA",2024-06-01,1985123.333,23972.526,53907.594,82.808,36.825,6.482,0.6667477
"550","TOTAL MEXICO TRAD + MINIS","PACK","COLA",2024-07-01,2851224.706,31004.889,67532.731,91.96,42.22,12.04,0.4635517
"551","TOTAL MEXICO TRAD + MINIS","PACK","COLA",2024-08-01,3450450.497,36316.69,80066.484,95.01,43.095,9.845,0.6640098
"552","TOTAL MEXICO TRAD + MINIS","PACK","COLA",2024-09-01,2930840.12,31567.858,69228.996,92.843,42.335,10.038,0.5661125
"553","TOTAL MEXICO TRAD + MINIS","PACK","COLA",2024-10-01,3262125.974,31822.257,68376.52,102.511,47.708,10.208,0.5611837
"554","TOTAL MEXICO TRAD + MINIS","PACK","COLA",2024-11-01,811135.225,8577.733,18147.425,94.563,44.697,3.417,0.4511127
"555","TOTAL MEXICO TRAD + MINIS","PACK","COLA",2024-12-01,1549032.511,6829.211,12153.753,226.825,127.453,2.434,0.5041466
"556","TOTAL MEXICO TRAD + MINIS","PACK","Sabores",2021-12-01,824093.038,4580.055,13018.889,83.6568,43.9841,0.3943,0.11564522
"557","TOTAL MEXICO TRAD + MINIS","PACK","Sabores",2022-01-01,764905.949,4537.545,12997.206,62.7838,29.5956,0.3276,0.11760798
"558","TOTAL MEXICO TRAD + MINIS","PACK","Sabores",2022-02-01,860902.01,4410.883,12604.19,58.3068,27.8768,0.3451,0.12168162
"559","TOTAL MEXICO TRAD + MINIS","PACK","Sabores",2022-03-01,1220499.584,6310.555,17393.62,52.965,33.1815,0.3537,0.13629369
"560","TOTAL MEXICO TRAD + MINIS","PACK","Sabores",2022-04-01,1181818.972,5637.334,16141.631,42.6588,14.5131,0.1755,0.12983839
"561","TOTAL MEXICO TRAD + MINIS","PACK","Sabores",2022-05-01,1728609.349,8212.877,23591.878,45.5389,15.5001,0.2904,0.1276357
"562","TOTAL MEXICO TRAD + MINIS","PACK","Sabores",2022-06-01,1936020.961,9223.246,28022.533,46.0409,15.2766,0.1943,0.23164423
"563","TOTAL MEXICO TRAD + MINIS","PACK","Sabores",2022-07-01,1710393.731,8371.034,23596.946,44.8365,15.5943,0.2632,0.18099073
"564","TOTAL MEXICO TRAD + MINIS","PACK","Sabores",2022-08-01,1244702.08,5647.449,16963.251,44.2787,14.6753,0.1141,0.2123448
"565","TOTAL MEXICO TRAD + MINIS","PACK","Sabores",2022-09-01,1099938.555,4902.57,14806.106,44.8553,15.1529,0.0963,0.20549167
"566","TOTAL MEXICO TRAD + MINIS","PACK","Sabores",2022-10-01,888952.939,4032.789,12247.929,44.111,14.987,0.0997,0.17670773
"567","TOTAL MEXICO TRAD + MINIS","PACK","Sabores",2022-11-01,1113681.625,4930.833,14559.702,50.4753,17.1861,0.1072,0.23694451
"568","TOTAL MEXICO TRAD + MINIS","PACK","Sabores",2022-12-01,1548522.8,6425.527,20241.96,48.1107,15.278,0.1221,0.20751883
"569","TOTAL MEXICO TRAD + MINIS","PACK","Sabores",2023-01-01,1498737.354,6893.563,20684.273,87.5974,25.4278,0.3342,0.19421189
"570","TOTAL MEXICO TRAD + MINIS","PACK","Sabores",2023-02-01,1161831.079,5824.428,17513.622,90.7987,26.3078,0.2393,0.23716611
"571","TOTAL MEXICO TRAD + MINIS","PACK","Sabores",2023-03-01,1105182.664,5598.72,16919.561,48.0157,15.5948,0.2472,0.19429597
"572","TOTAL MEXICO TRAD + MINIS","PACK","Sabores",2023-04-01,1543662.27,6784.636,20308.334,90.0455,26.0003,0.2391,0.2168902
"573","TOTAL MEXICO TRAD + MINIS","PACK","Sabores",2023-05-01,1823393.068,7859.218,22774.013,55.5413,19.6138,0.2864,0.23064761
"574","TOTAL MEXICO TRAD + MINIS","PACK","Sabores",2023-06-01,1904909.376,8035.987,23236.36,51.4066,18.0873,0.2696,0.26166548
"575","TOTAL MEXICO TRAD + MINIS","PACK","Sabores",2023-07-01,2081055.642,15823.966,44787.916,35.4131,12.4362,0.4985,0.26131259
"576","TOTAL MEXICO TRAD + MINIS","PACK","Sabores",2023-08-01,1371254.376,6709.343,18589.762,51.4928,18.0542,0.6589,0.2548955
"577","TOTAL MEXICO TRAD + MINIS","PACK","Sabores",2023-09-01,1737964.641,12266.239,32586.157,47.4901,17.6992,0.9741,0.26216882
"578","TOTAL MEXICO TRAD + MINIS","PACK","Sabores",2023-10-01,2763876.071,16870.525,46960.288,42.6947,15.6151,0.591,0.38206736
"579","TOTAL MEXICO TRAD + MINIS","PACK","Sabores",2023-11-01,1915140.002,8197.128,23443.08,48.5802,16.4383,0.1079,0.32916578
"580","TOTAL MEXICO TRAD + MINIS","PACK","Sabores",2023-12-01,1963515.827,8558.689,24439.427,53.1293,17.8483,0.1373,0.34584088
"581","TOTAL MEXICO TRAD + MINIS","PACK","Sabores",2024-01-01,2408791.143,9992.601,29041.369,54.1091,18.4771,0.1465,0.36466741
"582","TOTAL MEXICO TRAD + MINIS","PACK","Sabores",2024-02-01,2125159.597,8887.725,25778.875,50.0047,16.7058,0.1262,0.36423025
"583","TOTAL MEXICO TRAD + MINIS","PACK","Sabores",2024-03-01,2958125.317,12504.835,36634.323,65.1497,21.6901,0.3032,0.38097835
"584","TOTAL MEXICO TRAD + MINIS","PACK","Sabores",2024-04-01,2917948.338,11760.891,34136.202,51.4578,17.2239,0.1639,0.33452636
"585","TOTAL MEXICO TRAD + MINIS","PACK","Sabores",2024-05-01,4772662.932,19195.065,55975.074,70.1771,45.7674,0.258,0.41765525
"586","TOTAL MEXICO TRAD + MINIS","PACK","Sabores",2024-06-01,3277827.115,13162.111,39789.765,80.1662,23.9177,0.146,0.40292827
"587","TOTAL MEXICO TRAD + MINIS","PACK","Sabores",2024-07-01,2603182.577,9868.196,28956.227,84.3017,25.5877,0.1355,0.31880265
"588","TOTAL MEXICO TRAD + MINIS","PACK","Sabores",2024-08-01,2855232.88,11026.642,32909.277,83.7491,25.1309,0.1327,0.39576908
"589","TOTAL MEXICO TRAD + MINIS","PACK","Sabores",2024-09-01,2887157.469,11599.751,35552.709,82.9483,24.4954,0.1433,0.37142289
"590","TOTAL MEXICO TRAD + MINIS","PACK","Sabores",2024-10-01,2346319.967,9524.648,29190.444,52.5215,16.8623,0.113,0.33439193
"591","TOTAL MEXICO TRAD + MINIS","PACK","Sabores",2024-11-01,4280962.023,18016.191,52735.212,52.8994,17.3256,0.2164,0.33565767
"592","TOTAL MEXICO TRAD + MINIS","PACK","Sabores",2024-12-01,3164605.406,12109.628,35219.138,54.1836,18.0636,0.1224,0.44396092
